//
// black_stars
// Data size = 19339 bytes
//
// GIF, Compression=LZW, Size: 480 x 320, 2-Bpp
// 31 frames
//
// for non-Arduino builds...
#ifndef PROGMEM
#define PROGMEM
#endif
const uint8_t black_stars[] PROGMEM = {
	0x47,0x49,0x46,0x38,0x39,0x61,0xe0,0x01,0x40,0x01,0xf1,0x02,0x00,0xf6,0x00,0x6b,
	0x00,0x00,0x00,0x62,0x33,0x76,0x00,0x00,0x00,0x21,0xff,0x0b,0x4e,0x45,0x54,0x53,
	0x43,0x41,0x50,0x45,0x32,0x2e,0x30,0x03,0x01,0x00,0x00,0x00,0x21,0xf9,0x04,0x04,
	0x0a,0x00,0x00,0x00,0x21,0xfe,0x29,0x47,0x49,0x46,0x20,0x65,0x64,0x69,0x74,0x65,
	0x64,0x20,0x77,0x69,0x74,0x68,0x20,0x68,0x74,0x74,0x70,0x73,0x3a,0x2f,0x2f,0x65,
	0x7a,0x67,0x69,0x66,0x2e,0x63,0x6f,0x6d,0x2f,0x65,0x66,0x66,0x65,0x63,0x74,0x73,
	0x00,0x2c,0x00,0x00,0x00,0x00,0xe0,0x01,0x40,0x01,0x00,0x02,0xff,0x84,0x8f,0xa9,
	0xcb,0xed,0x0f,0xa3,0x9c,0xb4,0xda,0x8b,0xb3,0xde,0xbc,0xfb,0x0f,0x86,0xe2,0x48,
	0x96,0xe6,0x89,0xa6,0xea,0xca,0xb6,0xee,0x0b,0xc7,0xf2,0x4c,0xd7,0xf6,0x8d,0xe7,
	0xfa,0xce,0xf7,0xfe,0x0f,0x0c,0x0a,0x87,0xc4,0xa2,0xf1,0x88,0x4c,0x2a,0x97,0xcc,
	0xa6,0xf3,0x09,0x8d,0x4a,0xa7,0xd4,0xaa,0xf5,0x8a,0xcd,0x6a,0xb7,0xdc,0xae,0xf7,
	0x0b,0x0e,0x8b,0xc7,0xe4,0xb2,0xf9,0x8c,0x4e,0xab,0xd7,0xec,0xb6,0xfb,0x0d,0x8f,
	0xcb,0xe7,0xf4,0xba,0xfd,0x8e,0xcf,0xeb,0xf7,0xfc,0xbe,0xff,0x0f,0x18,0x28,0x38,
	0x48,0x58,0x68,0x78,0x88,0x98,0xa8,0xb8,0xc8,0xd8,0xe8,0xf8,0x08,0x19,0x29,0x39,
	0x49,0x59,0x69,0x79,0x89,0x99,0xa9,0xb9,0xc9,0xd9,0xe9,0xf9,0x09,0x1a,0x2a,0x3a,
	0x4a,0x5a,0x6a,0x7a,0x8a,0x9a,0xaa,0xba,0xca,0xda,0xea,0xfa,0x0a,0x1b,0x2b,0x3b,
	0x4b,0x5b,0x6b,0x7b,0x8b,0x9b,0xab,0xbb,0xcb,0xdb,0xeb,0xfb,0x0b,0x1c,0x2c,0x3c,
	0x4c,0x5c,0x6c,0x7c,0x8c,0x9c,0xac,0xbc,0xcc,0xdc,0xec,0xfc,0x0c,0x1d,0x2d,0x3d,
	0x4d,0x5d,0x6d,0x7d,0x8d,0x9d,0xad,0xbd,0xcd,0xdd,0xed,0xfd,0x0d,0x1e,0x2e,0x3e,
	0x4e,0x5e,0x6e,0x7e,0x8e,0x9e,0xae,0xbe,0xce,0xde,0x8e,0x1e,0x00,0x0f,0x9f,0x1d,
	0x2f,0xef,0x9e,0x41,0x1f,0x7f,0x8d,0x5f,0x6f,0x6f,0xb1,0x1f,0x60,0xed,0x1f,0xc0,
	0x7e,0x15,0x04,0x06,0xfc,0x47,0xb0,0xa0,0x41,0x6a,0x02,0x07,0x26,0x8c,0xd0,0xb0,
	0x5a,0xc4,0x87,0x10,0x1a,0x3a,0x8c,0x66,0x91,0x62,0xc5,0x8c,0xff,0xd2,0x2c,0x5e,
	0xd4,0xa8,0xc0,0xe3,0x34,0x91,0x20,0x17,0x78,0xfc,0xd8,0xec,0x64,0x49,0x93,0x2a,
	0xa1,0x9d,0x44,0x09,0xf2,0x25,0x4c,0x65,0x2f,0x57,0x22,0x90,0xe9,0xb2,0xa6,0x4d,
	0x03,0x32,0x67,0x1e,0xeb,0xb9,0xb3,0xa7,0xcf,0x62,0x42,0x83,0x02,0x4d,0x79,0x74,
	0xa5,0xd0,0xa1,0xc3,0x96,0xda,0x74,0xba,0x6c,0x29,0xd3,0x76,0x52,0x99,0x55,0x2d,
	0x29,0x75,0xea,0xaf,0xac,0x58,0xaf,0x22,0xcb,0xaa,0x35,0x1d,0x58,0x9a,0x5c,0x35,
	0x82,0x0d,0xbb,0xeb,0x2c,0xc5,0xb3,0x68,0x73,0xb1,0x5d,0xab,0xf6,0x67,0xdc,0x84,
	0x6c,0xdb,0xde,0xaa,0x4b,0x17,0x2f,0x51,0xbd,0xfd,0xea,0xda,0xad,0xe5,0x37,0x2f,
	0x5f,0x61,0x7e,0xff,0x7a,0x2b,0x6c,0x38,0x16,0xe2,0xbe,0x85,0x89,0x2d,0xb6,0x87,
	0x38,0xf1,0xab,0xc7,0x54,0x23,0x13,0xb6,0x5c,0x99,0xf2,0x56,0xcc,0xec,0x22,0xf3,
	0xf3,0xe5,0x39,0x33,0xe7,0x5e,0x9e,0x3f,0xbf,0x2b,0x0d,0xac,0xb4,0x64,0x7d,0xa8,
	0x41,0xab,0x5e,0xa7,0xda,0xb4,0xdb,0xd8,0xea,0x62,0xaf,0x46,0x65,0xbb,0x36,0x6d,
	0xd2,0xbb,0xcf,0xd9,0x96,0x6d,0xeb,0xf7,0x6d,0x8c,0xbf,0x79,0x09,0xf7,0x2d,0x7c,
	0xb8,0xa8,0xe4,0xca,0x3f,0x31,0x7f,0xde,0x7b,0x0e,0xf4,0xe9,0xa3,0x3b,0x51,0xbf,
	0x8e,0x1d,0xb8,0x96,0xec,0xdc,0x9f,0x3b,0xea,0x0e,0x3e,0x39,0x98,0xf0,0xe4,0x5f,
	0x33,0x2a,0x8f,0x3e,0xb4,0x97,0xf4,0xec,0x07,0x23,0x6a,0x0f,0x7f,0xee,0x96,0xf8,
	0xf4,0x8b,0x2a,0xaa,0x8f,0x1f,0x27,0x97,0xfc,0xfc,0x27,0x26,0xff,0xea,0x0f,0xe0,
	0x3e,0x5d,0x04,0x48,0x60,0x73,0x72,0x14,0xd8,0xdf,0x78,0x08,0xe6,0xd7,0xc8,0x82,
	0xf4,0x8d,0xe1,0x60,0x7c,0x90,0x44,0xc8,0x9e,0x19,0x14,0xa2,0x37,0xc9,0x85,0xe0,
	0xa5,0xa1,0x61,0x77,0x96,0x74,0x88,0xdd,0x1a,0x20,0x5e,0x87,0xc9,0x88,0xd0,0xb5,
	0x61,0xa2,0x77,0x9a,0xa4,0x58,0xdc,0x1b,0x2c,0x46,0xb7,0xe2,0x8b,0xd5,0xb9,0x21,
	0xe3,0x8c,0x9b,0xd4,0xf8,0x96,0x1d,0x38,0xca,0x07,0xca,0x8e,0x5e,0xe9,0xe8,0xa3,
	0x7d,0xa4,0x04,0xa9,0x5f,0x1e,0x44,0xea,0x64,0xca,0x91,0xfe,0xf1,0xa1,0xe4,0x42,
	0xa9,0x34,0x49,0x4f,0x20,0x50,0xe6,0xd3,0xca,0x94,0x83,0x40,0xa9,0xd8,0x91,0x86,
	0x28,0x49,0x4b,0x90,0xff,0xf9,0x18,0x5c,0x8d,0xe7,0x89,0x39,0x5b,0x8a,0x8f,0xbc,
	0x68,0x9c,0x89,0x91,0x98,0xc9,0x9b,0x86,0x94,0x80,0x78,0x59,0x84,0x97,0x5c,0xe8,
	0x98,0x83,0x99,0xd8,0x69,0x0c,0x82,0x9c,0xe8,0xf9,0x55,0x80,0x9e,0x10,0x68,0x15,
	0x7f,0xa1,0x24,0x18,0x68,0x7d,0xa3,0x30,0xf8,0x0c,0x7e,0x43,0x1a,0x9a,0x28,0xa3,
	0xcb,0x39,0x8a,0xd4,0x83,0x87,0x42,0x1a,0x95,0xa2,0x8f,0x52,0x4a,0x16,0xa6,0xd6,
	0x59,0x1a,0xa9,0xa6,0x37,0x22,0x5a,0x29,0xa8,0x7f,0x0a,0x5a,0x28,0xa7,0xa3,0x8a,
	0x9a,0x0c,0x80,0x3d,0x12,0x9a,0xaa,0xaa,0xa7,0x92,0xda,0x2a,0xab,0x7b,0xba,0x1a,
	0xab,0xac,0x31,0xda,0xba,0x97,0x9f,0xb3,0xea,0x2a,0x17,0xaf,0xb7,0xd2,0x9a,0x67,
	0x81,0x9f,0x02,0xda,0x2b,0xb1,0x77,0xf2,0x99,0xab,0xb1,0x25,0xff,0x22,0x5b,0xa7,
	0xb0,0xbf,0xfa,0x1a,0x27,0xb3,0x95,0xc8,0xd9,0xac,0xb4,0x6f,0xe2,0xd9,0x14,0xb6,
	0x1f,0x6a,0x9b,0x5a,0x8b,0x00,0x1c,0xb7,0x6d,0x6e,0x3c,0x79,0xdb,0x2d,0x8c,0xe4,
	0x66,0x28,0xee,0x01,0xe7,0xba,0xd6,0x1a,0x4b,0xed,0x5e,0xfb,0x6e,0x02,0x30,0xb6,
	0xa9,0x5e,0x03,0xe6,0xc1,0x5b,0x2f,0x03,0xf3,0xa6,0x95,0xaf,0x03,0xf7,0x4a,0x12,
	0xaf,0xbf,0xfd,0xa6,0xa9,0x19,0x44,0x36,0x7e,0x77,0xb0,0xbd,0x09,0xdf,0xb5,0xb0,
	0xc2,0x8d,0xa1,0x5b,0xb0,0x04,0x0d,0x03,0xf6,0x30,0x06,0x13,0x1f,0x72,0xb1,0xbe,
	0x11,0x97,0x99,0xe3,0x06,0x15,0x4f,0x18,0x18,0x07,0x1f,0xf3,0xcb,0xa3,0xc7,0xee,
	0x35,0x78,0xb2,0x06,0x21,0x13,0x3c,0x96,0x08,0x29,0xdf,0xd7,0xf1,0x07,0x2b,0xeb,
	0x12,0x73,0x08,0x35,0x8f,0xd9,0xf2,0x08,0x37,0x33,0xfc,0x23,0x09,0x25,0xc3,0x5c,
	0x96,0x09,0x3f,0x53,0xdc,0xb3,0xd0,0x41,0xe3,0x0c,0x55,0x0a,0x47,0xe3,0xb2,0xb4,
	0xd2,0x49,0x23,0x5d,0xe4,0x0a,0x4d,0x13,0x1d,0x75,0x0b,0x4f,0x2f,0x72,0x35,0x0b,
	0x59,0x77,0x99,0x54,0x0c,0x42,0x62,0xdd,0x35,0x0c,0x5f,0x87,0x89,0xe4,0x0c,0x63,
	0xbf,0x57,0xb5,0xd7,0x61,0xcf,0xb2,0xb6,0xd9,0x65,0xa3,0xdd,0x12,0x0e,0x69,0xcb,
	0xf2,0xf6,0x0d,0x75,0x6f,0x19,0x77,0x0e,0x77,0x67,0xc9,0x11,0x0f,0x7b,0x5f,0x49,
	0x92,0xdf,0x79,0xb3,0xbd,0xa4,0x0f,0x81,0xc3,0x8d,0x50,0x10,0x87,0xd3,0x5d,0xf8,
	0x0f,0x7d,0x23,0x8e,0x0f,0x11,0x8f,0x13,0x2e,0xa0,0x11,0x4e,0xff,0x42,0xae,0x9d,
	0xe3,0x97,0x73,0x4d,0x25,0x12,0x89,0x03,0x9d,0x39,0x10,0x9b,0xef,0x24,0x6f,0x94,
	0xd8,0x44,0x4e,0x7a,0xea,0xaa,0xaf,0xce,0x7a,0xeb,0xae,0xbf,0x0e,0x7b,0xec,0xb2,
	0xcf,0x4e,0x7b,0xed,0xb6,0xdf,0x8e,0x7b,0xee,0xba,0xef,0xce,0x7b,0xef,0xbe,0xff,
	0x0e,0x7c,0xf0,0xc2,0x0f,0x4f,0x7c,0xf1,0xc6,0x1f,0x8f,0x7c,0xf2,0xca,0x2f,0xcf,
	0x7c,0xf3,0xce,0x3f,0x0f,0x7d,0xf4,0xd2,0x4f,0x4f,0x7d,0xf5,0xd6,0x5f,0x8f,0x7d,
	0xf6,0xda,0x6f,0xcf,0x7d,0xf7,0xde,0x7f,0x0f,0x7e,0xf8,0xe2,0x8f,0x4f,0x7e,0xf9,
	0xe6,0x9f,0x8f,0x7e,0xfa,0xea,0xaf,0xcf,0x7e,0xfb,0xee,0xbf,0x0f,0x7f,0xfc,0xf2,
	0xcf,0x4f,0x7f,0xfd,0xf6,0xdf,0x8f,0x7f,0xfe,0xfa,0xef,0xcf,0x7f,0xff,0xfe,0xff,
	0x0f,0xc0,0x00,0x0a,0x70,0x80,0x04,0x2c,0xa0,0x01,0x0f,0x88,0xc0,0x04,0x2a,0x70,
	0x81,0x0c,0x6c,0xa0,0x03,0x1f,0x08,0xc1,0x08,0x4a,0x70,0x82,0x14,0xac,0xa0,0x05,
	0x2f,0x88,0xc1,0x0c,0x6a,0x70,0x83,0x1c,0xec,0xa0,0x07,0x3f,0x08,0xc2,0x10,0x8a,
	0x70,0x84,0x24,0x2c,0xa1,0x09,0x4f,0x88,0xc2,0x14,0xaa,0x70,0x85,0x2c,0x6c,0xa1,
	0x0b,0x5f,0x08,0xc3,0x18,0xca,0x70,0x86,0x34,0xac,0xa1,0x0d,0x6f,0x88,0xc3,0x1c,
	0xea,0x70,0x87,0x3c,0xec,0xa1,0x0f,0x7f,0x08,0xc4,0x20,0x0a,0x71,0x88,0x44,0x2c,
	0xa2,0x11,0x8f,0x88,0xc4,0x24,0x2a,0x71,0x89,0x4c,0x6c,0xa2,0x13,0x9f,0x08,0xc5,
	0x28,0x4a,0x71,0x8a,0x54,0xac,0xa2,0x15,0xaf,0x88,0xc5,0x2c,0x19,0x6a,0x71,0x8b,
	0x5c,0xec,0xa2,0x17,0xbf,0x08,0xc6,0x30,0x8a,0x71,0x8c,0x64,0x2c,0xa3,0x19,0xcf,
	0x88,0xc6,0x34,0xbe,0xa2,0x00,0x00,0x21,0xf9,0x04,0x05,0x0a,0x00,0x02,0x00,0x2c,
	0x81,0x00,0x39,0x00,0x1c,0x01,0x37,0x00,0x81,0xf6,0x00,0x6b,0x00,0x00,0x00,0xe1,
	0xd8,0xe5,0x00,0x00,0x00,0x02,0xe0,0x84,0x2d,0xa9,0xcb,0xed,0x0f,0xa3,0x9c,0xb4,
	0xda,0x8b,0xb3,0xde,0xea,0x20,0x0e,0x62,0xde,0x17,0x96,0xe6,0x89,0xa6,0x2a,0x3a,
	0x92,0x6b,0x3a,0xbe,0xf2,0x4c,0xd7,0xb6,0xd4,0xde,0xa6,0xa7,0xf7,0xfe,0x0f,0xa4,
	0xc4,0x82,0x1a,0x1e,0xf1,0x88,0x4c,0xae,0x86,0x4a,0xa1,0xab,0x09,0x8d,0x4a,0x1f,
	0xc6,0x29,0xe4,0x69,0xcd,0x6a,0x8f,0x87,0x2d,0x15,0xe0,0x0d,0x8b,0x7b,0xd8,0xb1,
	0xf9,0x8c,0x66,0xa5,0xd7,0xec,0xb6,0xfb,0x0d,0x8f,0xcb,0xe7,0x74,0x77,0xa0,0x8e,
	0xcf,0xeb,0xf7,0xfc,0xbe,0xff,0x0f,0x18,0x28,0x38,0x48,0x58,0x68,0x78,0x88,0x98,
	0xa8,0xb8,0xc8,0xd8,0xe8,0xf8,0x08,0x19,0x29,0x39,0x49,0x59,0x69,0x79,0x89,0x99,
	0xa9,0x79,0x03,0xb6,0xe9,0xf9,0x09,0x1a,0x2a,0x3a,0x4a,0x5a,0x6a,0x7a,0x8a,0x9a,
	0xaa,0xba,0xca,0xda,0xea,0xfa,0x0a,0x1b,0x2b,0x3b,0x4b,0x5b,0x6b,0x7b,0x8b,0x9b,
	0xab,0xbb,0xcb,0xdb,0xeb,0xfb,0x0b,0x1c,0x2c,0x3c,0x4c,0x5c,0x6c,0x7c,0x8c,0x9c,
	0xec,0xd5,0xc2,0xa4,0x8c,0xc4,0x5c,0x65,0x05,0xdd,0xe5,0x9c,0x34,0x5d,0x06,0x75,
	0xdd,0x59,0xcd,0x75,0xbd,0xa5,0xcd,0xfd,0xec,0xad,0x05,0x1e,0x4e,0x54,0x9e,0x85,
	0x6e,0x0e,0x34,0x4e,0xce,0xbc,0x2e,0xfe,0xbe,0x1c,0x0d,0x7f,0xde,0x3c,0xbf,0x5d,
	0x1f,0x9f,0xaf,0xaf,0xd9,0x52,0x00,0x00,0x21,0xf9,0x04,0x04,0x0a,0x00,0x00,0x00,
	0x2c,0x77,0x00,0x3a,0x00,0x27,0x01,0x45,0x00,0x00,0x02,0xff,0x84,0x8f,0xa9,0xcb,
	0xed,0x0f,0xa3,0x9c,0xb4,0xda,0x8b,0xb3,0xde,0xbc,0xfb,0x0f,0x86,0xe2,0x48,0x96,
	0xe6,0x89,0xa6,0xea,0xca,0xb6,0xee,0x0b,0xc7,0xf2,0x4c,0xd7,0xf6,0x8d,0xe7,0xfa,
	0xce,0xf7,0xfe,0x0f,0x0c,0x0a,0x87,0xc4,0xa2,0xf1,0x88,0x4c,0x2a,0x97,0xcc,0xa6,
	0xf3,0x09,0x8d,0x4a,0xa7,0xd4,0xaa,0xf5,0x8a,0xcd,0x6a,0xb7,0xdc,0xae,0xf7,0x0b,
	0x0e,0x8b,0xc7,0xe4,0xb2,0xf9,0x8c,0x4e,0xab,0xd7,0xec,0xb6,0xfb,0x0d,0x8f,0xcb,
	0xe7,0xf4,0xba,0xfd,0x8e,0xcf,0xeb,0xf7,0xfc,0xbe,0xff,0x0f,0x13,0x00,0x38,0x18,
	0x13,0x20,0x48,0xd8,0x75,0xe8,0x64,0xa8,0x88,0x88,0xc5,0xf8,0xc4,0xd8,0xe8,0x58,
	0x25,0xb9,0x68,0x49,0x69,0x25,0x69,0xc8,0xb4,0xc9,0x99,0x29,0xe5,0xf9,0x99,0x24,
	0x3a,0x09,0xda,0x59,0xaa,0x54,0x6a,0x7a,0x4a,0xba,0xea,0x9a,0xda,0xba,0xb4,0x0a,
	0x79,0x44,0xcb,0x2a,0x3b,0x74,0x3b,0x4a,0xb4,0x9b,0x6b,0xbb,0x5b,0xab,0x1b,0xfc,
	0xdb,0x1b,0x2c,0x1c,0x74,0x8c,0x5b,0xac,0xa3,0x8c,0xfc,0xe3,0xcc,0x0c,0xe4,0xfc,
	0xdc,0x43,0x2d,0x6d,0x4d,0x5d,0xbd,0xa3,0x8d,0xcd,0xad,0xbd,0x9d,0x03,0xee,0x8d,
	0x03,0xee,0xe9,0x63,0xbe,0xfc,0x9b,0xce,0xde,0x7e,0xce,0xc3,0x4e,0xb3,0xe9,0xe5,
	0x5e,0x5f,0x2f,0x3f,0x0f,0xd0,0x5e,0x83,0xb9,0x65,0xff,0x1f,0x0f,0x1f,0x24,0x77,
	0xfc,0xc2,0x51,0x01,0x88,0x70,0x9c,0xc0,0x7f,0x05,0xd5,0x85,0x4a,0x08,0x51,0x59,
	0x43,0x86,0xf8,0xb8,0x44,0xbc,0x48,0x6c,0xa2,0x3d,0x79,0x74,0x89,0x30,0x7a,0x7c,
	0x35,0x03,0xa2,0xb4,0x8f,0x24,0xf3,0x85,0x44,0x38,0xb2,0xa4,0xca,0x85,0x14,0x99,
	0xa9,0x2c,0x79,0x32,0x21,0xb6,0x97,0x24,0x65,0x5c,0x9c,0x49,0xd3,0x63,0xa1,0x9b,
	0x38,0x73,0xf2,0x6c,0xf1,0xb1,0xa7,0x4f,0x91,0x40,0x83,0xa6,0x1c,0x4a,0x74,0x05,
	0x4c,0xa1,0x48,0x5b,0xa6,0x58,0xc9,0xb4,0xe9,0x3d,0x15,0x2f,0xbd,0x49,0x45,0xf9,
	0xb4,0x6a,0xd4,0xab,0xfb,0x4e,0xf8,0xb4,0xca,0x75,0xa3,0x89,0xa1,0x60,0xc3,0x12,
	0x2c,0x81,0xb4,0xac,0xd9,0x80,0x23,0x9a,0x92,0x5b,0xdb,0x55,0x84,0xd4,0xb7,0x70,
	0xd3,0xb5,0x9d,0x4b,0xb7,0xae,0xc2,0x0f,0x5c,0xc9,0xe9,0xd3,0xbb,0xb7,0x43,0x01,
	0x00,0x21,0xf9,0x04,0x04,0x0a,0x00,0x00,0x00,0x2c,0x70,0x00,0x3f,0x00,0x2e,0x01,
	0x52,0x00,0x00,0x02,0xff,0x84,0x8f,0x18,0xc9,0xed,0x0f,0xa3,0x9c,0xb4,0xda,0x8b,
	0xb3,0xde,0xbc,0xfb,0x18,0x2c,0xdf,0x48,0x96,0xe6,0x89,0x66,0x62,0xca,0x5a,0xe1,
	0xda,0xc6,0xf2,0x4c,0xa7,0x61,0x8d,0x1b,0xef,0x9d,0xf7,0xfe,0xdf,0xdb,0xc1,0x80,
	0x27,0x21,0x8f,0x88,0x4c,0x2a,0x55,0xc2,0x65,0xc9,0x78,0x74,0x4a,0xa7,0x4b,0xe8,
	0x90,0x7a,0xb1,0x46,0xb1,0xdc,0xae,0x4c,0xeb,0xcd,0x6a,0xaf,0xe1,0xb2,0x79,0x33,
	0x3e,0x4f,0xc6,0x64,0xb5,0xfb,0xed,0x48,0xc3,0x1f,0xf2,0xb9,0xfd,0x0e,0xa8,0xe3,
	0x0f,0xec,0xbd,0x5f,0xdd,0xf7,0x97,0xa7,0x27,0x58,0x38,0x15,0xf8,0x47,0x68,0xb8,
	0xa8,0x84,0xe8,0xa7,0xc8,0x18,0xf9,0xe3,0xb8,0x07,0x26,0x79,0x49,0x04,0x89,0x07,
	0x85,0xd9,0x09,0x64,0xc5,0xc8,0xe9,0x39,0x8a,0x03,0xba,0x68,0x44,0x9a,0x4a,0x23,
	0x7a,0xba,0xa3,0xfa,0x1a,0x83,0x1a,0xd9,0x04,0x5b,0x5b,0x44,0x3b,0xbb,0x65,0xbb,
	0xeb,0xe1,0x7a,0xa9,0xcb,0x1b,0xac,0xf1,0xd2,0x09,0x2c,0x7c,0x5c,0x41,0x8c,0xd9,
	0x86,0xdc,0x0c,0xc2,0xec,0x1c,0x5d,0x0b,0x2d,0x5d,0x6d,0x7d,0x8d,0x9d,0xad,0xbd,
	0xcd,0xdd,0xed,0xfd,0x0d,0x1e,0x2e,0x3e,0x4e,0x5e,0x6e,0x7e,0x8e,0x9e,0xae,0xbe,
	0xce,0xde,0xee,0xfe,0x0e,0x1f,0x2f,0x3f,0x4f,0x8f,0x4e,0xb9,0xcd,0x96,0xaf,0x6f,
	0x9a,0xa9,0x89,0x41,0x3d,0xe3,0x1e,0xb6,0x7d,0x04,0x0b,0x02,0xfc,0xe2,0xcf,0xc5,
	0xc1,0x58,0x09,0xa3,0x19,0x7c,0x98,0xaf,0x91,0x25,0x0e,0xca,0x90,0x08,0x94,0x06,
	0x31,0xe3,0xc4,0x7e,0xff,0x1b,0xff,0x55,0xe4,0xc8,0xef,0x9a,0xc6,0x91,0xac,0x3e,
	0x35,0x84,0x20,0x0b,0x64,0xc9,0x6a,0x24,0x5b,0xfa,0xb2,0xd8,0x31,0x59,0x4a,0x93,
	0x31,0x1d,0xba,0x74,0x99,0xe4,0xe2,0xb3,0x99,0x93,0x4e,0x0a,0xbb,0xd9,0x32,0xa7,
	0xcf,0x04,0x35,0x73,0xe8,0x6c,0x06,0x94,0xa4,0xc4,0x90,0x6b,0x8a,0x1a,0x75,0xea,
	0x2c,0xa9,0xc6,0xa5,0x4c,0x51,0x0e,0x65,0x08,0x15,0x99,0xd4,0xa9,0x30,0xb3,0xf2,
	0x89,0xd8,0xb5,0x2a,0xc6,0xad,0x10,0x85,0x7a,0x1d,0x04,0x56,0x25,0x4f,0x96,0x64,
	0x1f,0x9a,0x15,0x4b,0x74,0xdf,0xdb,0x95,0xd6,0xda,0x1a,0x9c,0xbb,0x36,0xae,0x5c,
	0xbc,0xc6,0xd8,0xda,0xdd,0x1b,0x16,0x57,0x9c,0x82,0x78,0xc1,0xfd,0x25,0x48,0xb5,
	0xaf,0x82,0xbb,0x66,0xc7,0x1d,0x06,0x4c,0x73,0x61,0xc6,0x9c,0xe5,0x1e,0xeb,0x13,
	0x2a,0xb3,0x6c,0x3d,0x16,0x96,0x8f,0x52,0x19,0xb9,0x99,0x73,0xe7,0xb3,0x55,0x40,
	0x87,0x46,0x31,0x9a,0x34,0x5f,0xc6,0xa7,0x4d,0xa4,0x56,0x1d,0x99,0x6b,0x6b,0xd7,
	0xaf,0x05,0x73,0x01,0x3a,0x9b,0x76,0xed,0x97,0x58,0x92,0xe6,0x7e,0xb2,0x9b,0xf7,
	0x21,0xdf,0xbf,0x49,0x04,0xff,0x28,0x65,0x6b,0x71,0xe3,0xc7,0x17,0x3e,0x95,0xba,
	0x9c,0x79,0xf0,0xcf,0x64,0xa3,0x8f,0x68,0x3e,0xbc,0xad,0xf5,0x5e,0xd8,0x4b,0xdb,
	0xdd,0xde,0xa1,0xb9,0x73,0xac,0xdf,0xc1,0x53,0x3c,0x9e,0x58,0xbb,0xf9,0x61,0xdd,
	0xd5,0xaa,0x5f,0xef,0x11,0xbd,0xfb,0xf7,0xf0,0x33,0xcb,0xef,0xd9,0xb9,0xbe,0x42,
	0xf1,0xe3,0x81,0xa7,0x39,0xd6,0x2f,0x01,0x7f,0xc2,0xad,0x52,0x1b,0x80,0x56,0x09,
	0xa8,0x98,0x0d,0xbb,0x19,0x38,0x18,0x82,0x09,0xde,0xb2,0x20,0x83,0x8b,0x39,0x88,
	0x1c,0x79,0x05,0x4a,0xa8,0x03,0x85,0x03,0x8a,0x76,0x1f,0x83,0x1a,0xe6,0x05,0x61,
	0x7b,0xfa,0x7d,0x48,0x57,0x88,0x22,0xc2,0x47,0x62,0x89,0x25,0x14,0x00,0x00,0x21,
	0xf9,0x04,0x05,0x0a,0x00,0x02,0x00,0x2c,0x49,0x00,0x39,0x00,0x55,0x01,0x7c,0x00,
	0x81,0xf6,0x00,0x6b,0x00,0x00,0x00,0xe1,0xd8,0xe5,0x00,0x00,0x00,0x02,0xff,0x84,
	0x8f,0xa9,0xcb,0xed,0x10,0x62,0x7c,0xb4,0xda,0x8b,0xb3,0xde,0xbc,0xfb,0x2b,0x4d,
	0xdf,0x48,0x96,0x5d,0x68,0xa6,0xea,0xca,0xb6,0xee,0x11,0x06,0xef,0x4c,0x83,0x62,
	0x8d,0xe7,0xfa,0x9e,0xa1,0xfc,0x3f,0xbb,0x01,0x87,0xc4,0xe2,0x4a,0x62,0x4c,0x92,
	0x84,0xca,0xa6,0xf3,0x99,0x40,0x42,0xa7,0xd4,0xaa,0xf5,0x2a,0xbb,0x6a,0xb7,0xdc,
	0xee,0x2b,0xeb,0x0d,0x8b,0xc7,0xe4,0x06,0xb8,0x8c,0x4e,0xab,0xd7,0xec,0xb6,0xfb,
	0x0d,0x8f,0xcb,0xe7,0xf4,0xba,0xfd,0x8e,0xcf,0xeb,0xf7,0xfc,0xbe,0xff,0x0f,0x18,
	0x28,0x38,0x48,0x58,0x68,0x78,0x88,0x98,0xa8,0xb8,0xc8,0xd8,0xe8,0xf8,0x08,0x19,
	0x29,0x39,0x49,0x59,0x69,0x79,0x89,0x99,0xa9,0xb9,0xc9,0xd9,0xe9,0xf9,0x09,0x1a,
	0x2a,0x3a,0x4a,0x5a,0x6a,0x7a,0x8a,0x9a,0xaa,0xba,0xca,0xda,0xea,0xfa,0x0a,0x1b,
	0x2b,0x3b,0x3b,0x74,0x46,0x3b,0x66,0x7b,0x29,0x75,0x2b,0xc6,0x64,0xe9,0xc3,0xeb,
	0xb5,0xfb,0x1b,0x13,0xdc,0x55,0xac,0x1b,0x93,0x6b,0x3c,0xa5,0x9c,0xec,0xcc,0x5c,
	0xa5,0xec,0xfb,0x38,0x3d,0x1c,0xed,0x64,0xbd,0xdc,0xa8,0x7d,0x8d,0x6d,0xd4,0xbd,
	0xbd,0x18,0x2e,0xfe,0xfd,0x13,0x4e,0x89,0x6e,0xae,0xa4,0x2e,0xd9,0xbe,0x5e,0xf4,
	0x0e,0x29,0x0f,0x0f,0x44,0xef,0x78,0xdf,0x22,0xb0,0xcf,0xdf,0xef,0xff,0x0f,0x30,
	0xa0,0xc0,0x81,0x04,0x0b,0x1a,0x3c,0x78,0x10,0x5c,0xb7,0x1c,0x08,0x0b,0x2a,0x5c,
	0x18,0x2f,0x5c,0xc3,0x89,0x14,0x2b,0x5a,0x04,0x98,0x24,0x9f,0x0e,0x72,0xff,0x01,
	0xfa,0x65,0x84,0x48,0x84,0xdc,0xc5,0x91,0x24,0x4b,0x62,0x7c,0x68,0x0d,0xa5,0x36,
	0x7f,0x2a,0xa1,0x85,0x94,0x68,0x32,0xa6,0xcc,0x8a,0x2d,0x91,0xbd,0xe4,0xe8,0x8d,
	0x87,0xc6,0x1c,0x30,0x67,0xfa,0xfc,0x39,0xb0,0x26,0xb0,0x9b,0x38,0x85,0xe6,0xdc,
	0xd1,0x0d,0xa8,0xd2,0xa5,0x1e,0x23,0x6a,0x33,0xfa,0xd4,0x69,0x4a,0xa1,0x4c,0xab,
	0x2a,0x85,0x5a,0x8e,0x27,0x4e,0x6a,0x3a,0xa3,0x4a,0xed,0x68,0x35,0xec,0x4f,0xac,
	0x59,0x6b,0x4c,0x0b,0xfa,0x75,0xda,0x43,0xb1,0x6c,0x7d,0x92,0x45,0x99,0x30,0xad,
	0xcd,0x5a,0x6d,0xeb,0xce,0xc4,0xaa,0xb0,0x21,0x5e,0x1c,0x76,0xfb,0x32,0xdd,0x5b,
	0x43,0x26,0x60,0x1a,0x7e,0x0b,0x8f,0x95,0x3b,0x74,0x86,0x60,0xc4,0x47,0x59,0x18,
	0x7e,0x1c,0x73,0xb0,0xe2,0xc8,0x8c,0xb9,0x3a,0x86,0x8c,0xf9,0xe2,0xdb,0xc0,0x94,
	0x2b,0x97,0x1d,0x91,0x39,0xb4,0xc5,0x8f,0x5e,0x5f,0xb8,0xf5,0xec,0x42,0xb4,0xea,
	0xd1,0xa8,0x53,0x03,0x95,0x5c,0x62,0xb5,0x6c,0x8a,0xb0,0x63,0x2f,0xad,0xed,0x61,
	0xb6,0x6e,0xbd,0xad,0x53,0x58,0x25,0x7d,0x76,0xb7,0xf0,0xb6,0x58,0x87,0xff,0x2b,
	0x6e,0x3c,0xf9,0x5f,0xcf,0x60,0x95,0x23,0x57,0x0e,0xfd,0xb4,0xe7,0xe8,0xc0,0xd5,
	0xf2,0x2a,0x6d,0x2f,0x29,0xf5,0xe9,0xd1,0xbb,0x77,0xae,0xa5,0x1d,0xfa,0x73,0xef,
	0xe4,0x59,0x13,0x0d,0x2e,0xbe,0xf7,0xad,0xa9,0xe7,0x95,0x75,0x1f,0x5f,0x3e,0x3e,
	0x42,0xb2,0xdb,0xdb,0xcf,0x5d,0xef,0xd2,0x7e,0x88,0xfa,0xfa,0x25,0xc8,0xff,0xff,
	0x3f,0x1f,0x77,0xe9,0xf5,0x17,0x01,0x80,0x06,0x12,0x04,0x9f,0x71,0x46,0x1d,0xc8,
	0xa0,0x40,0x50,0x79,0x57,0x53,0x83,0x12,0x9e,0xa4,0x5f,0x79,0x2a,0x4d,0x88,0x21,
	0x4b,0x69,0xc9,0x97,0x57,0x86,0x1e,0xf2,0xb3,0x16,0x80,0xe0,0x7c,0x48,0xe2,0x3e,
	0x23,0x1e,0xc8,0x57,0x89,0x2a,0x52,0x38,0x59,0x89,0x29,0xae,0x08,0xa3,0x89,0x2f,
	0x7e,0xc8,0x50,0x8c,0x30,0xd6,0x48,0x22,0x8e,0x36,0xba,0x38,0xa3,0x87,0x3a,0xee,
	0x48,0x63,0x8f,0x19,0xfe,0x08,0xa4,0x8f,0x9c,0xf1,0x48,0x58,0x91,0x48,0xb6,0x98,
	0xe3,0x91,0x4a,0x1a,0xe9,0x24,0x94,0x49,0x3e,0x39,0xa4,0x90,0x18,0x12,0x49,0x25,
	0x83,0x58,0x4e,0xb8,0x65,0x96,0x22,0x5a,0xc9,0x65,0x94,0x5e,0x6a,0x09,0x66,0x98,
	0xa6,0x8d,0x59,0x25,0x93,0x4d,0x9e,0x89,0xa6,0x99,0xae,0xad,0xa8,0x66,0x9b,0x64,
	0xb2,0xa9,0x22,0x9d,0x72,0x36,0x18,0xe7,0x9a,0x2b,0xdc,0x99,0xe6,0x65,0x31,0xbe,
	0xc9,0x27,0x9e,0x80,0xc2,0xe9,0x67,0xa0,0x82,0x16,0x7a,0xe3,0x9e,0x86,0x5e,0xa9,
	0xe8,0x8e,0x88,0x2e,0x8a,0x62,0xa3,0x8e,0xfa,0x06,0xa9,0x9b,0xb6,0x15,0x49,0x69,
	0xa5,0x12,0xaa,0x40,0xa5,0x09,0x9a,0x32,0xea,0xe9,0x93,0xa1,0x7e,0x7a,0x28,0x09,
	0x59,0x5e,0x4a,0x6a,0xa9,0xb9,0x9d,0x0a,0x5a,0xaa,0x96,0x72,0x80,0x66,0xab,0xae,
	0xaa,0x0a,0xeb,0x98,0x1f,0xcc,0xfa,0xaa,0x06,0x6d,0xae,0x8a,0x2b,0xad,0x19,0xc8,
	0xc9,0x6b,0xaf,0x91,0x76,0x00,0x6c,0xad,0xc2,0xce,0xb9,0xc1,0x9d,0xc6,0x52,0x1e,
	0x3b,0xac,0xae,0x7c,0x26,0xcb,0xac,0xaf,0x14,0x18,0xea,0x6c,0xb4,0xc8,0x5e,0x40,
	0x2d,0x06,0xd6,0xe6,0xea,0xc0,0xa2,0xda,0x6e,0xbb,0x29,0xb6,0xde,0x8a,0x0b,0xee,
	0xb5,0x0f,0x54,0x6a,0x41,0xb9,0xdc,0x2a,0xa0,0x69,0x05,0xea,0xae,0x8b,0xc0,0xa7,
	0xee,0xbe,0x2b,0x6d,0x02,0xa4,0x9e,0x4b,0x6f,0xb8,0x0d,0xa4,0xda,0x6d,0xbe,0xfa,
	0x2e,0x30,0x2b,0x03,0xfe,0xae,0x8b,0x2b,0xc0,0x03,0xff,0x5b,0x4f,0xc2,0x4e,0x14,
	0x00,0x00,0x21,0xf9,0x04,0x04,0x0a,0x00,0x00,0x00,0x2c,0x42,0x00,0x3a,0x00,0x56,
	0x01,0x6f,0x00,0x00,0x02,0xff,0x84,0x8f,0xa9,0xcb,0xed,0x1b,0xa2,0x0c,0xaf,0xda,
	0x8b,0xb3,0xde,0xbc,0xfb,0x6f,0x4d,0x12,0x48,0x96,0x26,0x27,0x46,0xe7,0xca,0xb6,
	0xee,0x0b,0xa7,0x2a,0x4c,0xd7,0xa1,0x6c,0xe7,0xfa,0xce,0x77,0x32,0xd5,0x0b,0xbe,
	0x7e,0x40,0xa1,0xf1,0x88,0x64,0x11,0x93,0x4c,0xdf,0xaf,0x09,0x8d,0x4a,0x21,0xcf,
	0xa9,0x55,0x41,0x2c,0x5e,0xb7,0xdc,0x5c,0xb6,0xbb,0xcd,0x6a,0xc1,0xe4,0x32,0x48,
	0x6c,0x8e,0xa2,0xd3,0xec,0xf6,0x65,0xed,0x36,0x8a,0xc7,0xf1,0xba,0x7b,0x6e,0x17,
	0xce,0xe9,0xf9,0x7e,0x77,0xef,0xa7,0xb3,0xc7,0x17,0x58,0xa8,0x86,0x67,0x48,0x33,
	0x98,0xc8,0x78,0x88,0xd8,0xd8,0x32,0x48,0x08,0x49,0x69,0x23,0x59,0x79,0x22,0x39,
	0x89,0xc9,0xb9,0xa2,0xd9,0x49,0xf2,0x09,0x3a,0x1a,0x79,0x49,0xea,0x64,0x7a,0xaa,
	0xfa,0xa1,0xb9,0xb9,0x4a,0x95,0xfa,0x2a,0xfb,0xd6,0x3a,0x4b,0x1b,0x6b,0x9b,0x0b,
	0x8b,0xab,0xbb,0x0b,0xd8,0x0b,0x8c,0xd0,0xea,0xda,0x2b,0x1a,0x7c,0x0c,0x60,0x8c,
	0x8c,0xf5,0xbb,0x0c,0xac,0xec,0x7c,0xc0,0x1b,0x2d,0x0b,0x4d,0xbd,0x48,0xfd,0xdc,
	0x9c,0x2d,0x0d,0xc7,0x9d,0xbb,0xfd,0x9d,0xec,0x2d,0x5e,0xfd,0x58,0x4e,0x5e,0xfe,
	0x7a,0x8e,0xbe,0xa4,0x0e,0xfe,0xf5,0x6e,0x10,0x2f,0x6f,0xee,0x5e,0x5f,0x55,0x3f,
	0x7b,0x8f,0x9f,0xa2,0x0f,0xef,0xef,0xdf,0x38,0x11,0x02,0x6d,0x05,0x14,0x78,0xb0,
	0xe0,0x2a,0x1c,0x05,0x09,0x2a,0xdc,0x37,0xe1,0xe1,0x40,0x62,0x12,0x21,0x39,0x7c,
	0x38,0xa2,0xe2,0xba,0x8c,0xff,0x0a,0x39,0x6a,0x54,0xe5,0xb1,0xe3,0x47,0x73,0x1f,
	0x29,0x8e,0x6c,0x34,0xe3,0xa4,0xca,0x95,0x2c,0x5b,0xba,0x7c,0x09,0x33,0xa6,0xcc,
	0x99,0x34,0x6b,0x9a,0x49,0xa7,0xa7,0x96,0x4d,0x9c,0x3d,0x86,0x99,0x54,0xc4,0xef,
	0x88,0xcf,0xa1,0x3f,0x9d,0xf1,0xe4,0x41,0xd4,0x5a,0x28,0x7a,0x42,0x93,0xea,0xfc,
	0x77,0x74,0x87,0xd3,0x70,0x26,0xa2,0x4a,0x9d,0x8a,0x0d,0x2a,0x53,0x39,0x58,0x83,
	0x7a,0xf2,0x1a,0xa4,0x2b,0x55,0x79,0x56,0x05,0x89,0xbd,0x58,0x0a,0x6c,0xd8,0xb3,
	0xf9,0x10,0x6e,0xe5,0xca,0xb6,0x28,0x0a,0xb5,0x3d,0xe3,0xa2,0x6d,0x48,0x17,0x69,
	0x5c,0x4b,0x79,0xaf,0xda,0x95,0xcb,0xad,0xac,0x97,0xb3,0x83,0xfb,0x16,0x26,0x7c,
	0x52,0x70,0x0d,0xb6,0x66,0x0d,0xf3,0x15,0xdb,0xf2,0xed,0xda,0xae,0x7a,0xdb,0xc2,
	0x75,0x0a,0x53,0xf2,0x64,0xcc,0x7e,0x2d,0x5f,0xf6,0x29,0x53,0x73,0xdd,0xa4,0x9b,
	0x19,0x32,0x19,0x4a,0x53,0x74,0x65,0xd0,0x39,0x1d,0x3f,0x9e,0x96,0x59,0x75,0x63,
	0xa5,0xa3,0x3d,0xb7,0x66,0x97,0x5a,0xf6,0x6c,0xdc,0x9f,0x13,0x36,0xd5,0x1d,0xdb,
	0xf5,0x62,0xde,0x48,0x14,0x0f,0xb7,0x6d,0x73,0x9e,0xf0,0x18,0xc6,0x57,0x9b,0xfe,
	0xed,0x3b,0x79,0x02,0xe0,0xaf,0xef,0x4a,0x69,0xce,0x3c,0xa4,0x74,0x5f,0xd6,0x6f,
	0x6b,0xb7,0x42,0xfd,0xf8,0xf6,0x1b,0xcb,0x87,0x7c,0x0f,0x13,0x7e,0x7c,0x93,0xf4,
	0x43,0xee,0xb0,0x57,0x0f,0xfd,0xb9,0x3a,0xec,0xf0,0xe3,0x77,0x17,0xf7,0xbe,0x7e,
	0xe9,0xe8,0xed,0x90,0xeb,0xff,0x77,0xe4,0x5f,0x36,0xf4,0xfd,0x57,0x1b,0x7f,0xf8,
	0xe5,0x47,0xe0,0x6e,0x06,0x06,0x86,0x60,0x82,0xd5,0x2d,0x28,0x60,0x83,0x0e,0x02,
	0x55,0x5e,0x30,0x12,0x4e,0x98,0x9d,0x7c,0xf3,0x55,0x88,0xe1,0x83,0x11,0xe9,0x73,
	0x61,0x87,0x69,0x69,0xd8,0x5f,0x80,0x22,0x16,0x08,0xe1,0x35,0x21,0x9e,0x58,0xd5,
	0x8a,0x0b,0xb9,0xc8,0xe2,0x19,0x30,0x82,0xc4,0x61,0x8c,0x4a,0xcc,0x48,0xca,0x80,
	0x36,0xde,0x68,0x62,0x34,0x3a,0xee,0x98,0x49,0x8d,0xba,0xfc,0x08,0x64,0x09,0x38,
	0x8e,0x42,0x64,0x91,0xac,0x1c,0x09,0x4a,0x92,0x4a,0x7a,0xc0,0x64,0x27,0x4e,0x3e,
	0xb9,0xc1,0x94,0x1b,0xf5,0x48,0xe5,0x88,0x29,0xfa,0x18,0x65,0x96,0x0d,0x74,0xc9,
	0x89,0x95,0x5e,0x92,0x87,0xe5,0x32,0x62,0x8e,0xf9,0xc0,0x99,0x39,0x82,0x89,0x66,
	0x37,0x42,0x72,0x75,0x1a,0x9b,0x12,0xa5,0x54,0xdc,0x9b,0xb5,0xad,0x67,0xe7,0x4b,
	0xe7,0x39,0xb7,0x25,0x14,0xf7,0xf1,0xf9,0x27,0x7c,0x1f,0x26,0x21,0xa7,0x91,0x81,
	0x76,0xd6,0x67,0x72,0x87,0x2a,0xb8,0x68,0x9d,0x89,0x1e,0x57,0xe6,0x4c,0x24,0x7a,
	0xd7,0x68,0x6f,0x7b,0x02,0x3a,0x68,0x7d,0x79,0x2e,0xb5,0xa9,0x0b,0x6a,0xce,0x15,
	0x69,0x4c,0x85,0x56,0x30,0x6a,0x06,0x63,0xed,0x77,0x69,0x6e,0xa5,0x7e,0xb9,0x2a,
	0x99,0xad,0x32,0x10,0xaa,0x4b,0xa7,0x62,0x4a,0x27,0x9e,0xb3,0x02,0xaa,0x5f,0x56,
	0x8e,0x56,0xca,0xe8,0xab,0xdc,0x69,0x0a,0x1b,0x8a,0x80,0x51,0x18,0x6c,0x81,0x82,
	0x3e,0x65,0xdf,0xb0,0xe6,0x4c,0x0d,0x13,0x67,0xaa,0xa2,0x32,0x4b,0x28,0xaf,0x90,
	0x42,0x1b,0xad,0xb2,0x25,0xa1,0x56,0x6d,0xad,0xc9,0xd2,0xb6,0xda,0x78,0xa4,0x65,
	0x6b,0xed,0x57,0xdf,0x46,0xeb,0xed,0xb8,0x8e,0xda,0x8a,0xed,0x7a,0xdb,0x4d,0xe5,
	0x67,0xb8,0x2d,0x12,0x35,0x85,0xbb,0x78,0xc1,0x7b,0x08,0xb8,0xc8,0xb6,0xb9,0x64,
	0xba,0x6a,0xd8,0xab,0x2b,0xbe,0xf9,0x52,0x7b,0x8c,0xbe,0xfe,0xfe,0xcb,0x6d,0x1e,
	0x05,0x00,0x00,0x21,0xf9,0x04,0x04,0x0a,0x00,0x00,0x00,0x2c,0x42,0x00,0x44,0x00,
	0x49,0x01,0x6f,0x00,0x00,0x02,0xff,0x84,0x8f,0xa9,0xcb,0xed,0x17,0xa2,0x9c,0xf3,
	0xd9,0x8b,0xb3,0xde,0xbc,0xfb,0x0f,0x2a,0xd4,0x28,0x85,0xe6,0x79,0x92,0x24,0xca,
	0xb6,0xee,0x0b,0xc7,0x80,0x3a,0xca,0xf6,0x4b,0xd7,0xf7,0xce,0xf7,0xfe,0x96,0xa3,
	0xfc,0x86,0x98,0xa0,0x90,0x88,0x4c,0x2a,0x59,0xc6,0xca,0xf2,0x39,0x6b,0x46,0xa0,
	0xd4,0xaa,0x15,0x21,0x9d,0x5e,0x89,0x59,0xed,0xf6,0x0b,0xe6,0x75,0x03,0xe1,0xde,
	0xb8,0x8c,0x4e,0xa3,0xc6,0x64,0x75,0x8c,0xed,0x8e,0xcb,0x8b,0xe7,0x79,0x8b,0xdd,
	0xb6,0xeb,0xf5,0xf8,0x7d,0x0a,0xee,0x17,0xa8,0x86,0x97,0x27,0xc8,0x41,0x68,0x98,
	0x08,0x86,0xa8,0x08,0xc4,0xd8,0x08,0xb9,0x44,0x58,0x18,0xd9,0x30,0x49,0x59,0x99,
	0xb9,0x73,0xa9,0xe9,0xc0,0xd9,0x09,0x6a,0xf3,0x19,0x9a,0x70,0x89,0x49,0x8a,0x0a,
	0x62,0x9a,0x6a,0x60,0x7a,0xca,0x0a,0x4b,0x37,0x8a,0xea,0x1a,0x6b,0xeb,0x38,0x4b,
	0xea,0xfa,0x7a,0xdb,0x8b,0x55,0x4b,0xbb,0xeb,0x3b,0xbc,0xb0,0xcb,0x1b,0x69,0x4c,
	0xac,0x0c,0x21,0x1c,0xdc,0xbc,0x3c,0x9c,0xac,0x6b,0x7c,0x0c,0x3d,0x2d,0x0d,0x4a,
	0x5d,0x6d,0x9d,0x4d,0x7d,0x8d,0xcd,0x0d,0xab,0x1d,0xaa,0xed,0x15,0x9e,0x5a,0xbe,
	0x1d,0x98,0x7e,0x2e,0x5e,0xde,0x3d,0xde,0xee,0x1c,0x9f,0x99,0x6e,0x2e,0xaf,0x69,
	0xaf,0xce,0x67,0x8f,0x4f,0xde,0x5f,0x0f,0xa0,0xbf,0x7c,0x02,0x21,0xe9,0xbb,0x37,
	0x50,0xd1,0xc1,0x7d,0x72,0x16,0x26,0xac,0xe4,0xd0,0xe0,0x42,0x86,0x0f,0xd3,0x4c,
	0xa4,0x38,0xe8,0xe2,0xa3,0x8a,0xff,0x54,0x34,0x6e,0xb4,0xe2,0x31,0x24,0x42,0x8e,
	0x21,0x44,0x02,0x93,0x64,0x52,0xa3,0x2d,0x8c,0x6f,0x52,0x4e,0xea,0xe8,0x32,0x22,
	0xab,0x91,0x43,0x62,0xbe,0x84,0x62,0x53,0x5f,0xac,0x12,0x38,0x73,0xd6,0x79,0xe2,
	0xf3,0x9d,0x3b,0x9a,0x5c,0x82,0xaa,0x88,0xc2,0x13,0xa8,0xd1,0x67,0x33,0x93,0xa2,
	0x5c,0x7a,0x04,0x29,0xcb,0x96,0x50,0xfb,0xf4,0x72,0xfa,0xb4,0xea,0x2f,0xac,0x49,
	0xaa,0xfe,0xf4,0xe5,0x24,0x2b,0xd4,0x52,0x61,0xc5,0x7a,0xa5,0x61,0x8d,0x6b,0x51,
	0xad,0x22,0xd4,0xae,0x3d,0xbb,0x22,0x9c,0xdb,0x9a,0x63,0x8b,0xcd,0xfd,0x01,0x37,
	0xee,0xb9,0xbb,0x3e,0xea,0xda,0x25,0x8a,0x37,0x2f,0x5f,0x65,0x80,0xfb,0x1a,0x7d,
	0x30,0x58,0x4c,0xde,0x8a,0x85,0xcd,0x04,0xb5,0x50,0xb6,0xeb,0x59,0x92,0x89,0x6f,
	0x3c,0xbe,0x50,0xd9,0xf2,0x52,0x92,0xbf,0x60,0xc6,0xcc,0x90,0x59,0xc6,0x66,0xce,
	0x9d,0x7b,0xba,0xd4,0x10,0x5a,0x74,0x4e,0xd2,0x6d,0x3d,0x9b,0xc4,0xe5,0x5a,0x24,
	0x6b,0x4b,0xb1,0x3d,0x76,0x68,0xac,0x58,0xf6,0x6c,0xda,0xa6,0x43,0x7a,0xc0,0x9d,
	0xfb,0xe2,0x6e,0xc4,0x55,0x74,0xdf,0x9e,0x8a,0x43,0xf8,0x70,0xc8,0xc5,0x95,0x97,
	0x44,0x7e,0x47,0xe6,0xf2,0x38,0x13,0x99,0x40,0x8f,0x2e,0x74,0x3a,0xe8,0xda,0xe0,
	0x98,0x70,0xcf,0xa5,0xbd,0x61,0x76,0x1c,0xdf,0xad,0x86,0xf7,0xe3,0x4d,0x54,0xf3,
	0x9b,0xe7,0x7f,0xf7,0x66,0xbf,0xe9,0xfd,0xd7,0xf6,0xeb,0xe0,0x0f,0xcd,0x42,0xbf,
	0xd1,0xc7,0xbe,0xe5,0xf5,0xe6,0xff,0x57,0xd8,0xc5,0x32,0x52,0xfc,0x07,0xd1,0x80,
	0xd0,0x18,0x41,0x60,0x40,0x41,0xc8,0x75,0x54,0x82,0x9d,0xa0,0x75,0x05,0x70,0x9a,
	0x45,0xe5,0xe0,0x1d,0xf2,0xa5,0xb6,0x89,0x84,0xa2,0x50,0x58,0xe1,0x1a,0xd7,0x59,
	0xc7,0x61,0x6f,0xf2,0x75,0xe8,0x02,0x86,0x30,0xe8,0xb0,0x9e,0x89,0xc9,0x69,0x48,
	0x22,0x62,0x91,0x49,0xa6,0x22,0x55,0x2f,0x22,0x11,0x63,0x8b,0x64,0xcd,0xf8,0x56,
	0x84,0xfe,0x29,0x51,0xa3,0x8d,0xad,0xec,0x08,0x63,0x8a,0x40,0xd2,0xe8,0xa3,0x2a,
	0x10,0x2a,0x05,0x52,0x0e,0x45,0x0a,0xb2,0x20,0x4e,0x3a,0x1e,0xc9,0xe3,0x92,0xbf,
	0x29,0x89,0xe4,0x93,0x43,0x4a,0x49,0x1d,0x94,0x69,0x51,0x89,0x25,0x3f,0x0d,0xee,
	0xa5,0x65,0x97,0x59,0x86,0x29,0x20,0x97,0x62,0x8e,0xf9,0x25,0x37,0x4d,0x9e,0x89,
	0xe6,0x95,0xc4,0xac,0xc9,0x66,0x46,0x64,0x96,0x99,0x66,0x9c,0x68,0xc0,0xa9,0xe6,
	0x9c,0x76,0x7e,0x61,0x66,0x9e,0x75,0xee,0x19,0x06,0x9e,0x07,0xf6,0x09,0x28,0x9f,
	0x84,0xd2,0xf9,0x67,0xa1,0x5b,0x1c,0x8a,0x28,0x8a,0x8a,0x1a,0xaa,0x67,0x34,0x8c,
	0x3e,0xda,0x9f,0x3c,0x91,0x52,0xaa,0x54,0xa2,0x8d,0x7e,0x88,0x69,0x86,0x21,0x32,
	0xc8,0x62,0xa7,0x30,0x72,0x4a,0x8b,0xa8,0x59,0x9a,0x8a,0x6a,0xaa,0xaa,0xae,0xca,
	0x6a,0xab,0xae,0xbe,0x0a,0x6b,0xac,0xb2,0xce,0x4a,0x6b,0xad,0xb6,0xde,0x8a,0x6b,
	0xae,0xba,0xee,0xca,0x6b,0xaf,0xbe,0xfe,0x0a,0x6c,0xb0,0x80,0x86,0x2a,0x2c,0x6a,
	0x1c,0xf5,0x58,0xac,0x25,0xa4,0x13,0xce,0x93,0xec,0x8a,0x09,0x39,0xda,0xac,0x09,
	0x38,0xfa,0x39,0x6d,0xb4,0xa8,0x55,0xab,0x48,0x01,0x00,0x21,0xf9,0x04,0x04,0x0a,
	0x00,0x00,0x00,0x2c,0x42,0x00,0x44,0x00,0x44,0x01,0x70,0x00,0x00,0x02,0xff,0x84,
	0x8f,0xa9,0xcb,0xed,0x17,0xa2,0x9c,0xf3,0xd9,0x8b,0xb3,0xde,0xbc,0xfb,0x0f,0x2e,
	0xd4,0x18,0x85,0xe6,0xe9,0x91,0x24,0xca,0xb6,0xee,0x0b,0xc7,0x80,0x3a,0xca,0xf6,
	0x49,0xd7,0xf7,0xce,0xf7,0xfe,0x96,0xa3,0xfc,0x86,0x8d,0xa0,0x90,0x88,0x4c,0x2a,
	0x59,0xc6,0xca,0x12,0xd9,0x94,0x3c,0xa7,0xd4,0x2a,0x23,0x5a,0xb2,0xf6,0xb0,0x59,
	0xad,0xf7,0xfb,0xe3,0x06,0xc0,0x36,0x31,0xf9,0x8c,0x76,0x89,0xc7,0xe9,0xd6,0xba,
	0x0d,0x8f,0x03,0xcd,0x72,0xd3,0x9a,0x5d,0xcf,0xeb,0x0d,0xf7,0x7d,0xea,0xed,0x17,
	0xd8,0x76,0x87,0x27,0x78,0x41,0x68,0x98,0x08,0x86,0xa8,0x68,0x41,0x58,0xd8,0x18,
	0x99,0xf4,0x28,0x79,0x45,0x59,0x89,0x19,0x76,0x99,0x09,0xb1,0xc9,0xf9,0x19,0xf3,
	0x08,0x99,0x29,0x3a,0x0a,0x7a,0x6a,0x27,0x0a,0x5a,0x6a,0x8a,0xea,0xca,0xc1,0xba,
	0x5a,0xfa,0x4a,0xfb,0x11,0xfb,0xc9,0xda,0x5a,0xbb,0x6b,0x39,0x4b,0x9a,0xcb,0x1b,
	0xfc,0x90,0xab,0x6b,0x48,0x2c,0x8c,0x2c,0x02,0xfc,0xbb,0x9c,0xec,0x7c,0x8c,0x49,
	0xdc,0xe5,0x2c,0x2c,0x5d,0xec,0x67,0x4d,0x9d,0x9c,0x5d,0x69,0x7d,0xad,0x8d,0x2b,
	0xdd,0xed,0x0d,0xce,0xeb,0xfd,0x5d,0x77,0x5e,0xbe,0xab,0x1e,0xd9,0xbe,0xee,0x7a,
	0x8e,0x1e,0x27,0x3f,0x0f,0x6f,0x2c,0xdf,0x58,0x7f,0x8f,0xba,0xaf,0xe8,0xcf,0x2f,
	0xdc,0x3b,0x41,0xf5,0xa6,0x05,0x94,0x54,0xd0,0xde,0x99,0x84,0x07,0x99,0xe5,0x23,
	0x98,0x50,0x61,0xc3,0x41,0x11,0xa1,0x44,0xbc,0xd8,0x64,0x22,0x0e,0x8c,0xff,0x1c,
	0x73,0x84,0xe8,0x08,0x52,0x9c,0x46,0x3e,0x21,0x4b,0x4a,0x4c,0x60,0x32,0x25,0x23,
	0x8d,0x2a,0x41,0xa6,0x6a,0x09,0x33,0xc8,0xc8,0x19,0x31,0x2b,0xbe,0xac,0x89,0x53,
	0xca,0x4c,0x9a,0x39,0xc9,0x6d,0xec,0x89,0x73,0x27,0x49,0xa0,0xd0,0x7e,0x12,0x6d,
	0x29,0xb4,0xd3,0x51,0x55,0x4c,0x96,0xa6,0x4c,0x8a,0xc0,0xa9,0x27,0x14,0x52,0x3b,
	0x42,0x55,0x50,0x15,0x90,0x9a,0xac,0x0c,0xaf,0x62,0xe5,0x1a,0x25,0x14,0x58,0x9f,
	0x5e,0x95,0x8d,0xf5,0x28,0xf6,0xec,0xad,0xb2,0xbd,0xd4,0xea,0x48,0xeb,0xb6,0x0f,
	0x5b,0x07,0x71,0xdf,0xca,0xa8,0xcb,0x65,0xee,0x21,0xbc,0x06,0xe1,0xf2,0x55,0xa1,
	0x37,0x03,0xdf,0x2d,0x7f,0x57,0x04,0xd6,0x80,0xd7,0x47,0xe1,0x23,0x87,0x11,0xc7,
	0x1d,0xb2,0xf8,0x64,0xe3,0xa1,0x63,0x21,0xff,0x9d,0x6c,0x4b,0xad,0xc5,0xc7,0x98,
	0x33,0x57,0x26,0x52,0xb7,0xf3,0xcd,0xaa,0x4a,0xce,0x8a,0xa6,0xca,0x75,0x09,0xd8,
	0xd3,0x4d,0x49,0xab,0x96,0xca,0x7a,0x2b,0xec,0x27,0x4e,0x63,0xbf,0x98,0x3d,0xe5,
	0xa8,0x6d,0x18,0x4b,0xbd,0xe4,0xdc,0x5d,0xe6,0xf7,0x97,0xa0,0xc0,0x83,0xc7,0x44,
	0x03,0xb3,0xf8,0x8e,0xe4,0x14,0x4b,0x2a,0x27,0x6c,0x52,0x8e,0xf3,0xe7,0xd0,0x5d,
	0xa6,0xb3,0x4a,0x5d,0x13,0xc7,0x3d,0x18,0xb3,0x6f,0xee,0x8a,0xcd,0xa6,0x77,0xcb,
	0xe0,0x03,0x95,0x1f,0xaf,0xf8,0x7c,0xf8,0x87,0xe8,0xc9,0xb3,0xc7,0x37,0xb0,0x7d,
	0xfa,0xf7,0xf0,0xb9,0xc9,0x77,0x6f,0xff,0x5f,0xfc,0xfb,0xd5,0x45,0xea,0xff,0x23,
	0xcb,0x9f,0x76,0xfe,0xb9,0x33,0x60,0x80,0xf3,0x15,0x85,0x50,0x81,0x06,0xf6,0xe7,
	0xcb,0x38,0xcd,0x2c,0x78,0xe0,0x5a,0x0e,0x36,0x08,0xa1,0x80,0x4c,0x71,0xf2,0x60,
	0x85,0x3c,0x20,0xe8,0xd0,0x4a,0x1a,0x46,0xe8,0x61,0x34,0x14,0x7e,0xc8,0xa0,0x56,
	0x02,0x85,0x48,0xe2,0x72,0x17,0xca,0x82,0x62,0x8a,0x37,0x8c,0x88,0x61,0x8b,0x2e,
	0x1a,0x27,0x57,0x3f,0x35,0xce,0x58,0x62,0x58,0x1b,0xe6,0x76,0x23,0x8e,0x2a,0xf6,
	0x28,0x16,0x8f,0x74,0x18,0x28,0xd9,0x6d,0x26,0xde,0xd5,0xd7,0x77,0x19,0x2d,0x98,
	0x24,0x68,0x43,0x22,0xa9,0x13,0x6d,0x79,0x05,0xc8,0x58,0x69,0x4f,0xf2,0x66,0xd7,
	0x24,0x58,0x10,0x59,0xa5,0x96,0x5b,0xd2,0xe8,0xc4,0x6b,0x4b,0xf2,0x67,0x98,0x98,
	0x63,0x62,0x09,0x98,0x90,0x68,0xdd,0x47,0x03,0x15,0x5f,0xa2,0x99,0xa6,0x94,0x32,
	0xb1,0xd9,0xa6,0x9a,0x6b,0xc2,0x59,0xa6,0x95,0x73,0xca,0xb7,0xa7,0x99,0x75,0x82,
	0xd9,0xa5,0x97,0x71,0xd2,0x39,0xa8,0x9e,0x7f,0x02,0x1a,0xa6,0x9f,0x59,0xb6,0xd7,
	0xa7,0xa0,0x85,0xfa,0xb5,0xa8,0x93,0x8f,0x32,0x7a,0xa7,0xa1,0x91,0xe2,0x79,0xa9,
	0x85,0x89,0x92,0x59,0xa9,0xa3,0x9b,0x22,0xfa,0xa9,0xa4,0x99,0x8e,0xd7,0xa8,0xa7,
	0x51,0xfe,0x38,0xa9,0xa8,0xa7,0x52,0xd9,0xa9,0x92,0xab,0xa2,0x1a,0xaa,0xa7,0x1f,
	0x1e,0xaa,0x68,0x91,0x9e,0xc5,0x6a,0xa9,0xad,0xb6,0xe5,0x69,0xa7,0xae,0x9e,0x91,
	0x11,0x28,0x93,0x4d,0xca,0xf9,0xaa,0x36,0xc5,0x72,0x89,0xdc,0xb1,0xd4,0x21,0x0c,
	0xeb,0xa3,0x90,0x07,0x31,0xdb,0xac,0x98,0xcf,0x46,0x0b,0xac,0xaf,0xd4,0x7a,0x67,
	0xed,0xb5,0xd9,0x65,0xab,0x6d,0xb7,0xde,0x7e,0x0b,0x6e,0xb8,0xe2,0x8e,0x54,0x00,
	0x00,0x21,0xf9,0x04,0x05,0x0a,0x00,0x02,0x00,0x2c,0x42,0x00,0x44,0x00,0x44,0x01,
	0x71,0x00,0x81,0xf6,0x00,0x6b,0x00,0x00,0x00,0xe1,0xd8,0xe5,0x00,0x00,0x00,0x02,
	0xff,0x94,0x8f,0xa9,0xcb,0xed,0x0f,0xa3,0x9c,0xb4,0xda,0x8b,0xb3,0xde,0x61,0xfb,
	0x0f,0x86,0xe2,0x48,0x96,0xe6,0x89,0xa6,0xea,0xca,0xb6,0xee,0x0b,0xc7,0xf2,0x4c,
	0xd7,0xf6,0x8d,0xe7,0xfa,0xce,0xf7,0xfe,0x0f,0x0c,0x0a,0x87,0xc4,0xa2,0xf1,0x88,
	0x4c,0x2a,0x97,0xcc,0xa6,0xf3,0x09,0x8d,0x4a,0xa7,0xd4,0xaa,0xf5,0x8a,0xcd,0x6a,
	0xb7,0xdc,0xae,0xf7,0x0b,0x0e,0x8b,0xc7,0xe4,0xb2,0xf9,0x8c,0x4e,0xab,0xd7,0xec,
	0xb6,0xfb,0x0d,0x8f,0xcb,0xe7,0xf4,0xba,0xfd,0x8e,0xcf,0xeb,0xf7,0xfc,0xbe,0xff,
	0x0f,0x18,0x28,0x38,0x48,0x58,0x68,0x78,0x88,0x98,0xa8,0xb8,0xc8,0xd8,0xe8,0xf8,
	0x08,0x19,0x29,0x39,0x49,0x59,0x69,0x79,0xa9,0x15,0xa0,0xb9,0xc9,0xd9,0xc9,0x89,
	0xb9,0xe3,0x29,0xda,0xd9,0x35,0x6a,0x4a,0x0a,0x6a,0x73,0xba,0xba,0xb5,0xca,0x9a,
	0x5a,0xe3,0x6a,0xda,0x2a,0x7b,0x0a,0x3b,0x53,0x3b,0x9a,0x99,0x3b,0x7b,0x0b,0xc3,
	0xab,0x7b,0x05,0xdc,0xeb,0xdb,0x32,0x2c,0x8a,0x75,0x8c,0x5c,0x6c,0xac,0x8c,0x6a,
	0xe5,0xfc,0xc9,0xdc,0x1c,0xdd,0x21,0x5c,0xad,0x39,0xcd,0x82,0x6d,0x0d,0xcd,0xad,
	0xbd,0x5d,0x9d,0xf5,0x0d,0xae,0x82,0x3d,0x7e,0x5e,0x9e,0x92,0x7e,0x2d,0xae,0xbe,
	0x1e,0xbd,0xeb,0x9e,0x2c,0x37,0x9f,0x6c,0xff,0x4e,0xc2,0xde,0xee,0x9c,0x7f,0xb2,
	0xef,0x2d,0x9e,0x3f,0x13,0xf8,0xaa,0x90,0x1b,0x38,0x02,0xa0,0x41,0x81,0x08,0xf5,
	0xf5,0x93,0xf7,0xb0,0xa1,0x08,0x86,0xf7,0x22,0x4a,0x0c,0x51,0x90,0x8a,0xc2,0x8b,
	0xff,0x1c,0x2c,0xf2,0x3b,0xc6,0x71,0xa2,0xc7,0x80,0xca,0x42,0x62,0x1c,0x49,0x72,
	0x98,0x49,0x10,0x14,0x2b,0x82,0x5c,0xf9,0x01,0xe5,0x42,0x99,0x30,0x29,0xb4,0xfc,
	0xc8,0xab,0x66,0xcc,0x92,0xb4,0x78,0xea,0xcc,0x40,0x73,0xca,0xcd,0x9f,0x36,0x7d,
	0xa2,0x33,0x4a,0xb4,0x42,0x50,0x29,0x43,0x93,0x4a,0x58,0x0a,0xa5,0xa9,0xd3,0x07,
	0x52,0x99,0x42,0x9d,0xaa,0xa0,0x6a,0xd4,0x8c,0x58,0x19,0x70,0x8d,0x72,0xb0,0xab,
	0x83,0x8d,0x5b,0xc3,0x8a,0xcd,0x6a,0x16,0x2c,0xb7,0x6c,0x67,0x17,0xac,0xed,0x66,
	0xf5,0x6d,0x5b,0xb4,0x72,0xd5,0xbe,0x65,0x3b,0x57,0xc0,0xdd,0x4d,0x76,0xf7,0xc2,
	0x15,0xeb,0x17,0x6f,0x93,0xc0,0x7c,0xdb,0x12,0x16,0x9c,0xe4,0x70,0xe1,0xae,0x8a,
	0xff,0x22,0x69,0x8c,0x38,0x29,0x64,0xc7,0x45,0x26,0x47,0xd6,0x39,0x99,0x89,0x65,
	0xca,0x2b,0x37,0x73,0x1e,0x62,0x19,0xeb,0xe6,0x25,0xa3,0x9d,0x96,0x4e,0x1c,0xda,
	0x74,0x6a,0xd4,0x99,0x55,0xb7,0x66,0x0d,0x79,0xea,0x69,0x1f,0x00,0x1a,0xcc,0x26,
	0xba,0xba,0x07,0x80,0xda,0xb6,0x5f,0x4b,0xe4,0xed,0x35,0xb7,0x8e,0xdd,0xc0,0xdd,
	0x0a,0xf7,0xb7,0x7b,0xec,0x71,0x1b,0xc4,0x93,0xf7,0x06,0x76,0x00,0x3a,0xc2,0xe6,
	0xc5,0x13,0xf8,0xcc,0x39,0x9c,0x7a,0x75,0x04,0xd2,0xa3,0x63,0x47,0x4e,0xfd,0x79,
	0x2e,0xeb,0xe3,0x73,0x68,0x77,0x6e,0xdc,0x95,0x78,0xf5,0xe0,0xc3,0x07,0x97,0xb5,
	0xde,0xd6,0x8d,0xf3,0xc4,0xe3,0x7b,0xa2,0xfa,0x1d,0x1c,0xfd,0xed,0xde,0x5f,0xd9,
	0xcb,0x27,0x36,0xc3,0x7e,0xe8,0xd1,0x75,0x5f,0x04,0xdd,0x69,0x23,0xa0,0x72,0xcb,
	0x18,0x58,0x0b,0x73,0x09,0xbe,0x27,0xcd,0x04,0xe5,0xe9,0xf7,0x20,0x84,0x8b,0x3d,
	0xd5,0xa0,0x83,0xf4,0x29,0xf8,0x19,0x87,0xec,0x51,0xb8,0xe1,0x7a,0x17,0x4c,0x48,
	0x43,0x85,0x6e,0x75,0x04,0x5f,0x39,0x02,0xf2,0x67,0xc0,0x65,0x12,0x66,0x58,0xc3,
	0x8a,0xff,0xc0,0x88,0xa0,0x89,0x0e,0xa5,0x58,0xa2,0x8d,0x22,0xe1,0x58,0xe3,0x7e,
	0x28,0x90,0x28,0x83,0x8c,0x33,0x7e,0xd8,0x63,0x88,0x43,0xfa,0x17,0xa0,0x8e,0x3b,
	0x12,0xc9,0x8c,0x90,0x47,0xca,0x17,0xe3,0x79,0xe6,0xd0,0x38,0x8d,0x8f,0xf0,0x30,
	0x19,0x83,0x94,0xe1,0x60,0x59,0x8c,0x96,0x2b,0xf0,0x98,0x24,0x8b,0x57,0x42,0x09,
	0xe2,0x2f,0x5c,0x7a,0x41,0x65,0x97,0x62,0x4e,0x89,0x24,0x18,0x69,0xe6,0xc5,0x60,
	0x9b,0x5f,0xbc,0x09,0x27,0x7e,0x72,0xce,0x79,0x66,0x9d,0xff,0x3d,0x23,0x06,0x98,
	0x7a,0x42,0x90,0x27,0x17,0x7e,0xfe,0xe9,0xe1,0x82,0x63,0xdc,0x49,0x68,0xa1,0x7c,
	0xf6,0x09,0x60,0xa2,0x71,0x1a,0x4a,0x46,0x30,0x8e,0xbe,0x08,0x69,0xa4,0x05,0x4e,
	0x4a,0xe9,0xa2,0x65,0x68,0x8a,0xe9,0xa3,0x01,0x00,0x50,0x00,0x00,0x21,0xf9,0x04,
	0x05,0x0a,0x00,0x02,0x00,0x2c,0x47,0x00,0x44,0x00,0x44,0x01,0x6a,0x00,0x81,0xf6,
	0x00,0x6b,0x00,0x00,0x00,0xe1,0xd8,0xe5,0x00,0x00,0x00,0x02,0xff,0x94,0x8f,0xa9,
	0xcb,0xcd,0xe0,0xa2,0x9c,0xb4,0xda,0x8b,0xb3,0xde,0xbc,0xfb,0x0f,0x86,0xe2,0x48,
	0x96,0xe6,0x89,0xa6,0xea,0xca,0xb6,0xee,0x0b,0xc7,0xf2,0x4c,0xd7,0xf6,0x8d,0xe7,
	0xfa,0xce,0xf7,0xfe,0x0f,0x0c,0x0a,0x87,0xc4,0xa2,0xf1,0x88,0x4c,0x2a,0x97,0xcc,
	0xa6,0xf3,0x09,0x8d,0x4a,0xa7,0xd4,0xaa,0xf5,0x8a,0xcd,0x6a,0xb7,0xdc,0xae,0x57,
	0x02,0xf9,0x8a,0xc7,0xe4,0xb2,0xf9,0x8c,0x4e,0xab,0xd7,0xec,0xb6,0xfb,0x0d,0x8f,
	0xcb,0xe7,0xf4,0xba,0xfd,0x8e,0xcf,0xeb,0xf7,0xfc,0xbe,0xff,0x0f,0x18,0x28,0x38,
	0x48,0x58,0x68,0x78,0x88,0x98,0xa8,0xb8,0xc8,0xd8,0xe8,0xf8,0x08,0x19,0x29,0x39,
	0x49,0x59,0x69,0x79,0x89,0x99,0xa9,0xb9,0xc9,0xd9,0xe9,0xf9,0x09,0x1a,0x2a,0x3a,
	0x4a,0x5a,0x6a,0x7a,0x8a,0x9a,0xaa,0xba,0xca,0xda,0x13,0xd6,0x8a,0x13,0x00,0x3b,
	0x4b,0x5b,0x6b,0xfb,0x28,0x7b,0x0b,0x9a,0xab,0xdb,0xeb,0x9b,0xf8,0xfa,0x2b,0x3c,
	0x4c,0x5c,0x6c,0x7c,0x8c,0x9c,0xec,0x16,0x0c,0xa6,0xec,0xfc,0x0c,0x1d,0x2d,0x3d,
	0x4d,0x8d,0xc1,0x5b,0x8d,0x9d,0xad,0xbd,0xcd,0xdd,0xed,0x0d,0xcb,0xfc,0xfd,0x17,
	0x2e,0xee,0x40,0x5e,0x8e,0x9e,0xae,0xbe,0xce,0xde,0xee,0xfe,0x0e,0x1f,0x2f,0x3f,
	0x4f,0x5f,0x6f,0x7f,0x8f,0x9f,0x1d,0x70,0x9d,0xaf,0xb6,0xcf,0xff,0x6e,0x1f,0x9c,
	0x7f,0x00,0xd9,0x11,0x74,0x43,0x50,0x20,0xbc,0x84,0x6d,0x12,0x2a,0x74,0xe7,0x90,
	0x8d,0xc3,0x87,0x06,0x23,0xa6,0x99,0xf8,0xaf,0x1d,0x46,0x8a,0x7e,0x64,0x36,0x66,
	0x54,0xe7,0xb1,0xa0,0x97,0x90,0x1c,0xbf,0x91,0x2c,0x43,0xf2,0xa3,0xb8,0x94,0x22,
	0xb5,0xb0,0x2c,0xb9,0xed,0xe5,0x98,0x97,0x30,0xf5,0xc9,0x1c,0x49,0xb3,0x26,0xb5,
	0x9c,0x2d,0xab,0xf0,0xd4,0x49,0xe1,0x1c,0xac,0x9f,0x2d,0x7b,0x22,0x21,0x6a,0xf4,
	0x19,0x52,0x97,0x48,0x81,0x2a,0x6b,0x9a,0xb4,0x09,0x54,0xa7,0x12,0xa2,0x92,0x9a,
	0x8a,0x65,0xaa,0x55,0x07,0x5b,0x43,0x69,0xbd,0x02,0xd5,0x66,0x53,0xa6,0x3f,0x63,
	0x2e,0x1d,0xd1,0xb5,0x45,0x59,0x6e,0x44,0xbf,0xdc,0xf4,0x96,0x73,0x66,0x4a,0x74,
	0x6f,0xc5,0x84,0xac,0xb8,0xf1,0xe2,0x44,0x88,0x18,0xd7,0x30,0x5c,0xf8,0xb7,0x61,
	0x5a,0xb6,0x2a,0x1b,0xd6,0xa3,0xea,0x42,0x68,0x84,0x02,0x00,0x21,0xf9,0x04,0x05,
	0x1e,0x00,0x02,0x00,0x2c,0x47,0x00,0x44,0x00,0x10,0x01,0x70,0x00,0x81,0xf6,0x00,
	0x6b,0x00,0x00,0x00,0xe1,0xd8,0xe5,0x00,0x00,0x00,0x02,0xff,0x94,0x8f,0xa9,0xcb,
	0xcd,0xe1,0xa2,0x9c,0xb4,0xda,0x8b,0xb3,0xde,0xbc,0x81,0x0e,0x86,0xe2,0x48,0x96,
	0xe6,0x89,0xa6,0xea,0xca,0xb6,0xee,0x0b,0xc7,0xf2,0x4c,0xd7,0xf6,0x8d,0xe7,0xfa,
	0xce,0xf7,0xfe,0x0f,0x0c,0x0a,0x87,0xc4,0xa2,0xf1,0x88,0x4c,0x2a,0x97,0xcc,0xa6,
	0xf3,0x09,0x8d,0x4a,0xa7,0xd4,0xaa,0xf5,0x8a,0xf5,0x41,0xb2,0xdc,0xde,0xa7,0x0b,
	0x0e,0x8b,0xc7,0xe4,0xb2,0xf9,0x8c,0x4e,0xab,0xd7,0xec,0xb6,0xfb,0x0d,0x8f,0xcb,
	0xe7,0xf4,0xba,0xfd,0x8e,0xcf,0xeb,0xf7,0xfc,0xbe,0xff,0x0f,0x18,0x28,0x38,0x48,
	0x58,0x68,0x78,0x88,0x98,0xa8,0xb8,0xc8,0xd8,0xe8,0xf8,0x08,0x19,0x29,0x39,0x49,
	0x59,0x69,0x79,0x89,0x99,0xa9,0xb9,0xc9,0xd9,0xe9,0xf9,0x09,0x1a,0x3a,0xb8,0x25,
	0x9a,0xf4,0x55,0x8a,0x9a,0xaa,0xba,0xca,0xda,0x2a,0x71,0xca,0x43,0xea,0x3a,0x4b,
	0x5b,0x6b,0x7b,0xab,0x28,0x8b,0xbb,0xcb,0xdb,0x9b,0xaa,0xeb,0x4b,0x03,0x1c,0x4c,
	0x5c,0x6c,0xfc,0x08,0x7b,0xbc,0x96,0xac,0xdc,0xec,0xfc,0x0c,0x1d,0x2d,0x3d,0x4d,
	0x3d,0x36,0x5c,0x3d,0x72,0x8d,0xbd,0xcd,0xdd,0xed,0xfd,0x0d,0x1e,0x2e,0x3e,0x4e,
	0x5e,0x6e,0x7e,0x8e,0x9e,0xae,0xbe,0xce,0xde,0xee,0xfe,0x0e,0x1f,0x2f,0x3f,0x4f,
	0x5f,0x6f,0x7f,0x8f,0x9f,0xaf,0xbf,0x8f,0xa4,0x4d,0xce,0xcc,0x2f,0xa0,0x40,0x50,
	0xfe,0x94,0x00,0x1c,0x88,0x70,0x46,0x80,0x82,0xef,0x18,0xc6,0x58,0xe8,0x90,0xdd,
	0xc2,0x58,0x10,0x23,0xa2,0xab,0xa8,0xa3,0xe2,0xc4,0x7a,0x4a,0x1a,0x73,0x68,0xdc,
	0xd8,0xc0,0x22,0xb6,0x8f,0x22,0x4f,0x90,0x04,0x09,0xef,0x64,0x8d,0x93,0x10,0xe3,
	0xb1,0x2c,0x99,0xed,0x25,0xca,0x75,0x32,0x65,0xc8,0x6c,0xd9,0xee,0x26,0x84,0x83,
	0x26,0x6f,0x36,0xf4,0x09,0x03,0xa8,0x3b,0xa1,0x2f,0x5e,0xca,0x33,0x6a,0x93,0xe5,
	0x3c,0xa5,0xc2,0x48,0xd2,0x73,0x7a,0xa3,0xa3,0x3d,0x8d,0x00,0xaa,0x5a,0xbd,0x8a,
	0x35,0xab,0xd6,0xaa,0x05,0x00,0x00,0x21,0xf9,0x04,0x04,0x14,0x00,0x00,0x00,0x2c,
	0x52,0x01,0x50,0x00,0x01,0x00,0x01,0x00,0x00,0x02,0x02,0x4c,0x01,0x00,0x21,0xf9,
	0x04,0x05,0x0a,0x00,0x01,0x00,0x2c,0xbf,0x00,0x66,0x00,0xdf,0x00,0x06,0x00,0x00,
	0x02,0x33,0x84,0x83,0xa9,0xcb,0xed,0x0f,0xa3,0x9c,0xb4,0xda,0x8b,0xb3,0x56,0xe6,
	0xa0,0xbe,0x85,0xe2,0x48,0x96,0xe6,0x89,0x75,0x40,0x02,0xa2,0xee,0x0b,0xc7,0xf2,
	0xa8,0xb2,0xeb,0x8c,0xe7,0xfa,0x8e,0xb6,0x1f,0x0f,0x0c,0x0a,0x87,0x0c,0x0f,0xf1,
	0x88,0x4c,0xca,0x00,0x05,0x00,0x21,0xf9,0x04,0x05,0x0a,0x00,0x01,0x00,0x2c,0x7a,
	0x00,0x39,0x00,0x23,0x01,0x42,0x00,0x00,0x02,0xff,0x84,0x8f,0xa9,0xcb,0xed,0x0f,
	0xa3,0x9c,0xb4,0xda,0x8b,0xb3,0xde,0xbc,0xfb,0x0f,0x86,0xe2,0x48,0x96,0xe6,0x89,
	0xa6,0xea,0xca,0xb6,0xee,0x0b,0xc7,0xf2,0x4c,0xd7,0xf6,0x8d,0xe7,0xfa,0xce,0xf7,
	0xfe,0x0f,0x0c,0x0a,0x87,0xc4,0xa2,0xf1,0x88,0x4c,0x2a,0x97,0xcc,0xa6,0xf3,0x09,
	0x8d,0x4a,0xa7,0xd4,0xaa,0xf5,0x8a,0xcd,0x6a,0xb7,0xdc,0xae,0xf7,0x0b,0x0e,0x8b,
	0xc7,0xe4,0xb2,0xf9,0x8c,0x4e,0xab,0xd7,0xec,0xb6,0xfb,0xed,0x0a,0xc0,0xe1,0x72,
	0x66,0xa0,0x3e,0x67,0xdf,0xed,0xfb,0xfc,0xfa,0x8e,0x87,0x04,0x18,0xe8,0x57,0x36,
	0x48,0x58,0x74,0x58,0x78,0x76,0xd8,0x67,0xd4,0x88,0xb8,0xe8,0x05,0x19,0x09,0x44,
	0x29,0x19,0x46,0xe9,0x38,0xa4,0x89,0xf9,0xa5,0xb9,0x19,0x04,0xea,0xd9,0x05,0x1a,
	0xfa,0x63,0x4a,0xaa,0x65,0x0a,0xc8,0x99,0xaa,0x7a,0xc5,0x3a,0x28,0x2a,0x0b,0x5b,
	0x25,0x3b,0x8b,0x8a,0x6b,0x2b,0x85,0xab,0xe8,0xe3,0x5b,0xc9,0x2b,0x18,0xdc,0xda,
	0x53,0x3c,0xec,0x54,0x9c,0xbb,0xb3,0x9c,0xbc,0xb4,0xfc,0xab,0x13,0xfd,0x9c,0x14,
	0xdd,0x38,0x7d,0x5d,0x9d,0x78,0x8d,0x8d,0xd3,0x2d,0xbc,0x9d,0x0d,0xce,0x5c,0x43,
	0x2e,0x4e,0x4b,0x5e,0x3e,0xa3,0x8e,0xae,0xab,0xbe,0x1e,0x03,0xef,0xce,0x03,0x0f,
	0x69,0x3e,0x4f,0x9f,0x63,0x7f,0xcf,0x6e,0xaf,0x7f,0x83,0x5f,0x27,0x79,0x02,0x01,
	0x1a,0x10,0x88,0xf0,0x1f,0x8c,0x84,0x00,0x13,0x3a,0x6c,0xf7,0xc2,0xa1,0xbe,0x87,
	0x14,0xbb,0x45,0x94,0xe8,0xae,0xa2,0x46,0x67,0x6c,0x2d,0x28,0x66,0xdc,0x08,0x72,
	0x17,0x8b,0x8a,0xe8,0x42,0x9a,0xac,0xa5,0x62,0xa3,0xb8,0x93,0x2c,0x07,0xa2,0x00,
	0x59,0xb2,0xa5,0x4c,0x63,0x27,0x42,0xc6,0x9c,0x29,0xf3,0xa5,0xcd,0x9b,0x38,0x4f,
	0xd6,0x34,0xf9,0xb1,0xa7,0xcf,0x12,0x2c,0x83,0x0a,0x05,0x3a,0x22,0xe7,0xca,0xa3,
	0x43,0x43,0xcc,0x34,0xca,0x54,0xa3,0x08,0x9c,0x50,0xa3,0x7a,0x04,0xd1,0x93,0x9e,
	0x55,0x95,0x1f,0x84,0x6a,0xdd,0x4a,0xd2,0xc3,0xd1,0xaf,0x60,0xaf,0x6e,0x88,0x4a,
	0xb6,0x2c,0xc3,0xb3,0x68,0xab,0xaa,0x55,0x98,0x61,0x6b,0xda,0xb7,0xfc,0x34,0x80,
	0x9d,0x4b,0x37,0xdf,0x85,0x02,0x00,0x21,0xf9,0x04,0x04,0x0a,0x00,0x00,0x00,0x2c,
	0x75,0x00,0x39,0x00,0x27,0x01,0x4b,0x00,0x00,0x02,0xff,0x84,0x8f,0x16,0xbb,0xe9,
	0x0f,0xa3,0x9c,0xb4,0xda,0x8b,0xb3,0xde,0xbc,0xb2,0xd6,0x85,0x22,0xf2,0x31,0xe3,
	0x89,0xa6,0xea,0xca,0x86,0x25,0xd8,0xc6,0xc9,0x1b,0xc8,0xf6,0x8d,0xe7,0x37,0x5d,
	0xeb,0x72,0xe9,0x0b,0x0a,0x87,0xc4,0xc7,0xab,0xa8,0x3a,0x22,0x97,0xcc,0xe6,0x49,
	0xe9,0x74,0x99,0xa2,0xd4,0xaa,0xd5,0x01,0xbc,0x6e,0xa6,0xda,0xae,0x17,0xc9,0xfd,
	0x5a,0xc2,0xe2,0xb2,0x99,0xf5,0x39,0x8f,0xd5,0xec,0xf6,0x08,0xe6,0x8e,0xcb,0xe7,
	0x1c,0x38,0xfd,0x8e,0xcf,0xcf,0xf4,0xfc,0xbe,0xff,0x0f,0x18,0x28,0x38,0x48,0x58,
	0x68,0x78,0x88,0x98,0xa8,0xb8,0xc8,0xd8,0xe8,0xf8,0x08,0x19,0x29,0x39,0x49,0x59,
	0x69,0x79,0x89,0x99,0xa9,0xb9,0xc9,0xd9,0xe9,0xf9,0x09,0x1a,0x2a,0x3a,0x4a,0x5a,
	0x6a,0x7a,0x8a,0x9a,0xaa,0xba,0xca,0xda,0xea,0xfa,0x0a,0x1b,0x2b,0x3b,0x4b,0x5b,
	0x6b,0x7b,0x8b,0x9b,0xab,0xbb,0xcb,0xcb,0xd9,0xd3,0xab,0xf7,0x1b,0x2c,0x0c,0x4c,
	0x67,0x77,0x47,0x56,0xec,0x96,0x36,0x7c,0xac,0xac,0x06,0x65,0x9c,0xf5,0xcc,0x46,
	0x83,0x67,0x4d,0x0d,0x8d,0x3d,0xc7,0x93,0x6d,0xc6,0xe3,0xac,0xbd,0xed,0xdd,0x05,
	0x1e,0xfe,0x0d,0x4e,0x5e,0x6e,0x7e,0x2e,0xc6,0xae,0x0e,0xc1,0x2e,0x3f,0x4f,0xff,
	0xde,0x36,0xdf,0x64,0xef,0x58,0xcf,0xdf,0x5f,0x9f,0x6f,0x0e,0x0b,0x3e,0x80,0xdd,
	0xf6,0xf9,0x3b,0x88,0x30,0x1a,0x98,0x74,0x24,0xe8,0x39,0x09,0xd8,0x28,0xa1,0x44,
	0x89,0x0f,0x19,0x2a,0xf8,0x47,0x70,0x5c,0xa2,0x89,0xb2,0x1c,0x0f,0x56,0x2c,0x08,
	0xa0,0xdf,0x47,0x8d,0x87,0x3a,0x9a,0xe4,0x37,0xd2,0x9a,0xbf,0x28,0x10,0x37,0x9e,
	0x7c,0x29,0x2f,0xe3,0x49,0x99,0xd3,0x14,0xc1,0xbc,0x09,0x72,0x21,0x4c,0x9a,0xc4,
	0x16,0xe1,0xfc,0xc9,0x6c,0x49,0x37,0x8a,0x19,0x27,0x01,0x05,0x9a,0xf2,0x62,0xc2,
	0x87,0x96,0x8e,0xfe,0xac,0xd8,0x90,0xa8,0x3a,0xa7,0x38,0xaf,0x74,0x84,0x17,0x92,
	0xea,0xce,0x2a,0x33,0xe1,0x69,0xdd,0x9a,0x72,0x22,0xd6,0xaf,0x2f,0x59,0x96,0xf5,
	0x4a,0xd6,0x64,0x58,0x8e,0x58,0xb3,0xa6,0x15,0xcb,0xa4,0xea,0xd8,0xb7,0x70,0x75,
	0x82,0x45,0x4b,0x17,0xa1,0xd0,0xa7,0x6d,0xf3,0x4a,0x15,0xe2,0xb4,0xaf,0x5f,0xbd,
	0x43,0xa8,0xb6,0x75,0x3b,0x18,0x25,0x60,0xc3,0x82,0x13,0x2b,0xf6,0xf1,0xf5,0xb0,
	0x63,0x91,0x90,0x23,0x37,0x9e,0x3c,0x30,0x47,0xda,0xc3,0x88,0x31,0xeb,0xb3,0x41,
	0x57,0xb2,0xe7,0xcc,0x3f,0x42,0x8b,0x1e,0xdd,0x32,0x86,0x5f,0xce,0xa8,0x3f,0xa3,
	0x59,0x7d,0xba,0x35,0xc9,0x14,0x89,0x59,0xcb,0xce,0xa9,0xa2,0x00,0x00,0x21,0xf9,
	0x04,0x05,0x0a,0x00,0x02,0x00,0x2c,0x54,0x00,0x39,0x00,0x4a,0x01,0x79,0x00,0x81,
	0xf6,0x00,0x6b,0x00,0x00,0x00,0xe1,0xd8,0xe5,0x00,0x00,0x00,0x02,0xff,0x84,0x8f,
	0xa9,0xcb,0xed,0x0f,0xa3,0x9c,0xb4,0xda,0x8b,0xb3,0xde,0xbc,0xfb,0x0f,0x86,0xe2,
	0x48,0x96,0xe6,0x89,0xa6,0xea,0xca,0xb6,0xee,0x0b,0xc7,0xf2,0x4c,0xd7,0xf6,0x8d,
	0xe7,0xfa,0xce,0xf7,0xfe,0x0f,0x0c,0x0a,0x87,0xc4,0xa2,0xf1,0x88,0x4c,0x2a,0x97,
	0xcc,0xa6,0xf3,0x09,0x8d,0x4a,0xa7,0xd4,0xaa,0xf5,0x8a,0xcd,0x6a,0xb7,0xdc,0xae,
	0xf7,0x0b,0x0e,0x8b,0xc7,0xe4,0xb2,0xf9,0x8c,0x4e,0xab,0xd7,0xec,0xb6,0xfb,0x0d,
	0x8f,0xcb,0xe7,0xf4,0xba,0xfd,0x8e,0xcf,0xeb,0xf7,0xfc,0xbe,0xff,0x0f,0x18,0x28,
	0x38,0x48,0x28,0x12,0x50,0x88,0x98,0x14,0xb0,0x98,0x88,0xb5,0x78,0x08,0xf7,0xc8,
	0xd8,0x48,0x25,0x19,0x29,0x09,0x49,0x19,0x85,0xe9,0x86,0xf9,0xa8,0x09,0xe5,0x99,
	0xa9,0x26,0x3a,0x09,0xca,0x54,0xca,0x56,0x6a,0x7a,0xaa,0x98,0xba,0xb6,0x3a,0xda,
	0x6a,0x14,0xab,0x5a,0x3b,0x7b,0x14,0x2b,0x6b,0xa6,0x8b,0x9b,0x7b,0x9b,0xd6,0xeb,
	0x5b,0x24,0x1c,0x0c,0x3c,0x2c,0x54,0x8c,0xa6,0x8c,0x0c,0xc4,0xcc,0x7b,0xdc,0xec,
	0xbc,0x6a,0xfb,0x2a,0x1d,0xf4,0x5c,0x96,0x7d,0xad,0xb3,0x3d,0xe6,0xcd,0x7d,0x03,
	0x1e,0x36,0x1e,0x5e,0x13,0x7d,0x86,0x6e,0x8e,0x53,0x0e,0x16,0x2b,0x00,0x1f,0x2f,
	0x3f,0x4f,0x5f,0x6f,0x7f,0x8f,0x9f,0xaf,0xbf,0xcf,0xdf,0xef,0xff,0x3f,0xef,0xdc,
	0x2a,0x80,0x04,0x01,0x0a,0xb4,0x26,0x23,0x40,0xc1,0x85,0x0c,0x1b,0x32,0x3c,0x28,
	0x4a,0xa0,0x3c,0x88,0x11,0x67,0x28,0x74,0x88,0x31,0xa3,0xc6,0x80,0xff,0x34,0xda,
	0x9d,0x58,0xc4,0x31,0xa1,0xba,0x14,0x1b,0x4b,0x9a,0xd4,0xd8,0x71,0x24,0x8b,0x8a,
	0x22,0xa9,0xbd,0x38,0x09,0x33,0xa6,0x41,0x8b,0x2a,0x57,0xb0,0x8c,0xe1,0x51,0x84,
	0xcc,0x9d,0x3c,0xef,0x51,0xe4,0x04,0x03,0x5f,0x4a,0x97,0x2f,0x7b,0x1a,0xed,0x39,
	0x14,0x61,0x0b,0xa1,0x49,0x3d,0x05,0x3d,0x0a,0x55,0xe6,0x4f,0x4b,0x45,0x7d,0x36,
	0x75,0xba,0x22,0xaa,0x56,0xa9,0x57,0x81,0x66,0xdd,0xd7,0x95,0x2a,0x8a,0xad,0x64,
	0x63,0x86,0xfd,0xa4,0xc2,0xdf,0x59,0x56,0x23,0xca,0xba,0x85,0xb9,0x76,0x97,0xce,
	0x99,0x2d,0x4b,0xbd,0xbd,0x8b,0x97,0xdf,0xd4,0x47,0x79,0x43,0xe2,0x7c,0xd7,0x37,
	0xb0,0x60,0x01,0x71,0x07,0x13,0xa6,0x39,0xd0,0xb0,0x62,0xb7,0x7b,0x41,0x0e,0x6e,
	0xec,0x78,0xb1,0x64,0xa8,0x90,0x2f,0x06,0xae,0xdc,0x4a,0x57,0x4d,0x15,0xba,0x0c,
	0x17,0x9e,0x0c,0xda,0xe8,0x67,0xc1,0x90,0x43,0x9b,0xde,0x39,0xfa,0x32,0x62,0xa5,
	0x8d,0x34,0x13,0xfd,0x9b,0x98,0xf4,0x6a,0x51,0xa7,0x6b,0x9f,0x2c,0xfd,0x38,0xb5,
	0xed,0xdd,0x0f,0x75,0xe3,0xad,0xcc,0x3b,0x78,0xc3,0xd9,0xb4,0x73,0xd7,0x2d,0x2e,
	0x3c,0xf9,0x3f,0xe2,0x9e,0x3c,0x33,0x97,0xa4,0x3c,0x7a,0x3f,0xdf,0xbf,0xd7,0x4a,
	0xbf,0x9e,0x8f,0xfa,0xdd,0xbd,0xd8,0xbb,0x5b,0x7d,0x6e,0x59,0xf6,0x6c,0xef,0xe4,
	0xed,0xfd,0x9c,0x7c,0xb0,0xbc,0xfa,0x7a,0x49,0x4d,0x3f,0x5d,0x0f,0xdf,0x3c,0xcd,
	0xda,0xef,0xe3,0xdb,0x8f,0x57,0x7f,0x77,0xfe,0xfb,0xf1,0xf7,0xd3,0xff,0x5f,0xca,
	0x5f,0x80,0x87,0x01,0x28,0xdc,0x57,0x02,0x0a,0xc8,0xc2,0x75,0x69,0x1d,0xc8,0xe0,
	0x82,0x0a,0x9e,0xc0,0x60,0x84,0x24,0x75,0x07,0x61,0x84,0x0d,0x56,0x48,0x61,0x09,
	0x16,0x4a,0x68,0x42,0x79,0x1a,0x6e,0x78,0x21,0x09,0xea,0x7d,0x08,0x22,0x82,0x24,
	0x7a,0x27,0x62,0x89,0x07,0x9e,0x48,0xde,0x5c,0x2a,0xae,0xe8,0xe2,0x88,0x21,0xbc,
	0x18,0x22,0x08,0xfd,0xd9,0x48,0x23,0x8c,0x38,0xc2,0xb7,0x63,0x8e,0x01,0xce,0x68,
	0x5f,0x8f,0x3e,0xde,0x27,0xe4,0x7a,0x1f,0x0c,0xa9,0x63,0x07,0xfc,0x79,0x80,0x64,
	0x8d,0x1a,0x98,0xb8,0x41,0x93,0x49,0x66,0x30,0xe5,0x05,0x52,0x56,0x69,0x25,0x94,
	0x18,0x5c,0x89,0x65,0x05,0x4e,0x7a,0xc9,0xa5,0x96,0x59,0x76,0x29,0x41,0x98,0x62,
	0x5a,0xc0,0xe1,0x98,0x66,0x12,0x49,0xa5,0x85,0x6a,0xae,0xc9,0x26,0x9a,0x1b,0xbe,
	0x09,0xe7,0x8d,0x72,0xba,0x09,0x66,0x9d,0x4b,0xde,0x89,0xe7,0x04,0x7a,0x9e,0x09,
	0x81,0x8a,0x14,0xfc,0x09,0xe8,0x03,0x82,0xfa,0x49,0xe8,0x9e,0x88,0x1e,0x1a,0x68,
	0xa2,0x3f,0x96,0x49,0x63,0x04,0x8e,0x16,0xaa,0x80,0x8f,0x92,0x4e,0xaa,0xa8,0xa1,
	0x39,0x36,0x8a,0x69,0x9c,0x0e,0x0c,0xa9,0x69,0xa7,0x9e,0x32,0x80,0x64,0xa8,0xa2,
	0xda,0xd9,0x40,0x93,0xa9,0x9e,0x3a,0x6a,0xa5,0xaa,0x2e,0xc0,0xea,0xa3,0xb0,0x4a,
	0x49,0x6a,0xac,0xad,0x1a,0xc0,0xe5,0xac,0xb6,0x06,0xa9,0xeb,0xab,0x08,0xec,0x9a,
	0xe9,0x01,0x61,0x26,0x00,0x6c,0xb0,0x00,0x98,0x49,0x6c,0xb1,0xbc,0x1c,0xfe,0x8a,
	0x2c,0xae,0xca,0x7a,0x0a,0xa7,0xb3,0xcf,0x2e,0x5b,0xa7,0xb4,0xd3,0xf2,0x68,0xed,
	0xb0,0xd7,0xb2,0xb9,0x6d,0xb7,0xff,0x6d,0x50,0x00,0x00,0x21,0xf9,0x04,0x04,0x0a,
	0x00,0x00,0x00,0x2c,0x42,0x00,0x39,0x00,0x5c,0x01,0x7c,0x00,0x00,0x02,0xff,0x84,
	0x8f,0xa9,0xcb,0xed,0x1c,0x62,0x7c,0xb4,0xda,0x8b,0xb3,0xde,0xbc,0xfb,0x2b,0x4d,
	0xdf,0x48,0x96,0x64,0x28,0x99,0xea,0xca,0xb6,0xee,0x0b,0xa0,0x22,0x4c,0xd7,0x98,
	0x1c,0xd8,0xfa,0xce,0xf7,0x20,0xee,0x0b,0xda,0x70,0x39,0xa1,0xf1,0x88,0x34,0x11,
	0x93,0xcc,0xd3,0xb2,0x09,0x8d,0x4a,0x0d,0xc4,0xe2,0xf4,0xea,0xa8,0x62,0xb7,0x5c,
	0x9d,0xb6,0x0b,0xae,0x5a,0xc1,0xe4,0xb2,0x47,0x6c,0xde,0x8a,0xc7,0xe9,0xb6,0x1b,
	0x82,0x7e,0x4b,0xbf,0xf2,0x7a,0x3d,0x6e,0x6f,0x3e,0xf3,0xfc,0x34,0xbd,0x8f,0xb4,
	0x07,0x38,0xa8,0x26,0x48,0x18,0x04,0x74,0xa8,0x38,0x65,0xb8,0xd8,0x83,0xe2,0x18,
	0xa9,0x27,0x23,0x29,0x04,0x59,0x89,0x89,0x48,0x99,0xb9,0x73,0xc9,0xf9,0x39,0xe4,
	0x09,0x5a,0x93,0x32,0x6a,0x0a,0x13,0x72,0x1a,0xca,0xa6,0xda,0x3a,0x52,0xea,0xfa,
	0x32,0x13,0x4b,0xdb,0x01,0x5b,0xbb,0xc2,0x8a,0xbb,0x5b,0x31,0xcb,0xfb,0x0b,0xfc,
	0x18,0x3c,0x4c,0x5c,0x6c,0x7c,0x8c,0x9c,0xac,0xbc,0xcc,0xdc,0xec,0xfc,0x0c,0x1d,
	0x2d,0x3d,0x4d,0x5d,0x6d,0x7d,0x8d,0x9d,0xad,0xbd,0xcd,0xdd,0xed,0xfd,0x0d,0x1e,
	0x2e,0x3e,0x4e,0x5e,0x6e,0x7e,0x8e,0x9e,0xae,0xbe,0xce,0xde,0xee,0xfe,0x0e,0x1f,
	0x2f,0x3f,0x4f,0x5f,0x8f,0x6a,0x8f,0x4f,0xaa,0x9b,0x1f,0xb5,0x3f,0x9d,0xca,0xef,
	0xca,0x2d,0x6b,0xa2,0x02,0x4e,0xf2,0xf5,0x6f,0x93,0x41,0x26,0x0a,0xa3,0xad,0x61,
	0x88,0xef,0x61,0x20,0x84,0x6d,0xf0,0x1c,0x59,0x83,0x31,0x9c,0xc4,0x89,0xff,0x18,
	0x2d,0x1a,0xd9,0xf8,0xb1,0xe3,0x1f,0x6f,0x20,0x2d,0x89,0x1c,0xa9,0xc9,0x63,0xca,
	0x93,0x05,0xbb,0x95,0x5c,0xc9,0x12,0x20,0xc7,0x46,0x3e,0x62,0xb6,0x74,0xa9,0xb2,
	0xa6,0xcd,0x9b,0x3a,0x51,0xf6,0xb4,0x09,0xca,0x5f,0xa7,0x9c,0x3f,0x63,0xc6,0x10,
	0xea,0x85,0x28,0x8f,0x9d,0x48,0x15,0x35,0xd5,0xe7,0xf3,0x11,0xd3,0x03,0x4f,0x69,
	0xbc,0x84,0x99,0xf1,0xdc,0x55,0xa9,0x2c,0x13,0x54,0x45,0xb5,0x75,0x69,0x47,0x75,
	0x59,0x2f,0x8a,0x84,0xc0,0x50,0xe9,0x50,0xb5,0xe3,0xc2,0xae,0x65,0x9b,0x36,0xaa,
	0xd8,0x44,0xed,0xca,0x86,0xa4,0x89,0xc5,0x6d,0x52,0x9e,0x64,0xe1,0x42,0xe5,0xbb,
	0xe0,0xab,0x2c,0xbf,0x56,0x65,0xc6,0xd3,0xbb,0x6a,0x60,0x19,0xc4,0x43,0xf2,0x11,
	0x2e,0x2c,0x78,0x0e,0xe3,0x85,0x2d,0xec,0x42,0x9b,0x4c,0x99,0x05,0xe6,0x62,0x9b,
	0x33,0x2b,0x79,0xcc,0x19,0xb4,0xe7,0x12,0x9d,0x87,0x95,0x1e,0xfd,0xe1,0x34,0x30,
	0xd5,0xa8,0x39,0xb0,0xe6,0x65,0xb9,0xf5,0x60,0xd1,0xa6,0x69,0xcb,0x76,0x6d,0x7b,
	0x75,0xee,0xdb,0x19,0x5e,0xef,0xf2,0xcd,0xbb,0xd7,0x6e,0xd8,0xc3,0x83,0x0b,0x97,
	0xbb,0x0c,0xb8,0xf1,0x2c,0xc5,0x71,0x29,0x5f,0x0e,0xa7,0x39,0xad,0xd8,0xd0,0x49,
	0x4b,0x8f,0x45,0xbd,0xfa,0xab,0xeb,0xd8,0xb9,0x6b,0xa7,0xea,0xbd,0xd5,0xf3,0xef,
	0xe0,0x91,0x2b,0x1b,0x4f,0xfe,0xa8,0xf9,0x64,0xe8,0xc9,0x67,0x4f,0xde,0xfe,0x7b,
	0xfc,0x53,0xe1,0xdd,0xd7,0xa7,0x8f,0x37,0xbd,0xad,0xf5,0x5d,0x14,0x17,0xff,0xf5,
	0x3f,0x0f,0x45,0x5c,0x35,0xf4,0x86,0x61,0x26,0x01,0x06,0x0f,0x80,0x73,0x21,0x18,
	0x86,0x81,0x58,0x45,0x86,0x8e,0x83,0x0f,0xde,0x41,0x20,0x56,0x8e,0x31,0xf8,0x97,
	0x82,0x0d,0x56,0xb8,0xd2,0x85,0x1c,0x0e,0x08,0x21,0x14,0xf7,0xf5,0xa6,0x61,0x5d,
	0xf9,0xbd,0x15,0x62,0x12,0xef,0xad,0x65,0xcf,0x7c,0x24,0x0a,0xd8,0xdf,0x8a,0x49,
	0xb5,0xe8,0xe2,0x0d,0x30,0x72,0x71,0xd6,0x44,0xf5,0x8c,0xa5,0x63,0x45,0x27,0xa9,
	0x48,0xcf,0x8f,0x40,0xfa,0xd1,0x95,0x7e,0xb8,0x09,0x79,0x1e,0x50,0x46,0xda,0x68,
	0x14,0x7b,0x53,0x2d,0x69,0xc1,0x93,0xc7,0x30,0x75,0x23,0x94,0xe5,0x29,0x69,0x0c,
	0x95,0x55,0x5a,0xa9,0x65,0x96,0x5a,0x6e,0x69,0xe4,0x97,0x29,0x72,0x22,0x26,0x98,
	0xe9,0x95,0x49,0x4c,0x99,0x25,0x9e,0xa9,0xa6,0x6e,0x6a,0x9a,0x09,0xdd,0x9b,0x70,
	0x92,0x29,0xe7,0x9c,0xc1,0xd5,0x39,0xe6,0x22,0x78,0xe6,0x39,0xda,0x9e,0xce,0xe1,
	0x69,0xe5,0x95,0x6f,0xfe,0x26,0x67,0xa0,0x08,0xd4,0xf9,0x4b,0xa1,0x86,0x0a,0xfa,
	0x65,0xa2,0x83,0x2e,0x4a,0xc5,0xa3,0xc4,0x89,0x09,0xe9,0xa1,0x6d,0xba,0xd9,0x65,
	0xa5,0x8c,0xee,0x94,0x66,0xa6,0x9a,0x46,0xea,0x69,0x30,0x8d,0x7e,0xba,0x69,0x91,
	0x9d,0x4a,0x49,0xaa,0x7a,0x9c,0x7a,0x89,0x65,0xaa,0xaa,0x36,0xc9,0x2a,0xac,0xae,
	0xbe,0x8a,0x64,0xac,0xb5,0xce,0xda,0xea,0x94,0xa6,0xce,0x5a,0x2a,0x7f,0x84,0xe6,
	0xc8,0xab,0xa5,0xc0,0x26,0xc9,0x63,0xb0,0xc2,0xca,0x28,0xea,0xb0,0xc6,0x27,0xd2,
	0x7a,0x62,0x68,0x35,0x1a,0x57,0x6c,0x33,0xc8,0xba,0x3a,0xed,0xa9,0x74,0x2d,0xab,
	0xc0,0x88,0x9f,0x68,0xab,0x9d,0xaf,0xb6,0xae,0x69,0xec,0xb5,0x09,0x81,0x8b,0x2d,
	0x86,0xd8,0x9e,0x4b,0x43,0x01,0x00,0x21,0xf9,0x04,0x04,0x0a,0x00,0x00,0x00,0x2c,
	0x42,0x00,0x41,0x00,0x53,0x01,0x74,0x00,0x00,0x02,0xff,0x84,0x8f,0xa9,0xcb,0xed,
	0x19,0xa2,0x9c,0xe1,0xd9,0x8b,0xb3,0xde,0xbc,0xfb,0x0f,0x36,0xd4,0x18,0x96,0xe6,
	0xf9,0x8c,0x24,0xca,0xb6,0xee,0x0b,0xb3,0x2a,0x15,0xd7,0xf6,0x32,0xd3,0xf7,0xce,
	0xf7,0x3e,0x96,0x9b,0xfc,0x86,0xa6,0xa0,0x84,0x88,0x4c,0x2a,0x4f,0xc6,0xe3,0xf2,
	0x99,0x6a,0x56,0xa0,0xd4,0xaa,0x15,0x20,0x9d,0x5e,0xad,0x59,0xed,0xf6,0x0b,0xb6,
	0x75,0xc3,0xcf,0xae,0x97,0x8c,0x4e,0x7f,0xcc,0x6a,0x24,0xbb,0x0d,0x8f,0x5b,0xde,
	0x72,0x9e,0xf9,0x5c,0xcf,0xc3,0xef,0xfa,0x1b,0xbf,0x0f,0x98,0x76,0x87,0x17,0xc8,
	0xf4,0x57,0x88,0x78,0x35,0x98,0xd8,0x32,0x48,0xc8,0x08,0xf9,0xe3,0x18,0x59,0xb4,
	0x48,0x79,0xe9,0xe3,0xf8,0x88,0x79,0xa1,0xc9,0xf9,0x29,0x36,0x09,0xba,0xa1,0xb9,
	0x39,0x7a,0xda,0x51,0x8a,0x0a,0xe4,0xb9,0xea,0xea,0x51,0x6a,0xfa,0x1a,0xfb,0x5a,
	0x4b,0xaa,0x6a,0x8b,0x43,0x9b,0xcb,0x2b,0xb2,0xdb,0x8b,0x15,0x2b,0x0b,0xec,0x2a,
	0x3c,0x7c,0x6a,0x4c,0xac,0x1c,0xfc,0xdb,0x6b,0x7c,0xbc,0xfc,0xf9,0x0c,0xfc,0x0c,
	0x1d,0x7d,0x59,0x4d,0x3d,0x7d,0x6d,0x9b,0xed,0xec,0xcd,0x5d,0xbc,0x9d,0x5b,0x1d,
	0x11,0x2e,0x0e,0x5e,0x5b,0x6e,0x7d,0x5e,0xb8,0xce,0xbb,0xce,0xde,0xde,0xf7,0xde,
	0x1d,0x3f,0x0f,0x1a,0x2f,0x9f,0xa8,0x8f,0x2f,0x7d,0x6f,0xaf,0x9c,0x3f,0x4e,0xfd,
	0xe0,0x09,0x1c,0x88,0x09,0x20,0xb9,0x74,0x08,0x21,0x29,0x5c,0x98,0xac,0x61,0x42,
	0x86,0x01,0x85,0x49,0x9c,0x38,0xce,0xa0,0xc5,0x8b,0xff,0xd8,0x32,0x6a,0x6c,0xc6,
	0xd1,0x61,0xc4,0x1d,0x39,0xa8,0xe8,0x1b,0xc3,0xb1,0xe4,0x92,0x93,0x74,0x58,0xa9,
	0x54,0xc2,0x32,0xa6,0x93,0x59,0x2f,0x61,0xca,0xf4,0x66,0x04,0xca,0x4d,0x96,0xea,
	0x82,0xe8,0xdc,0xb9,0x91,0xd9,0x8c,0x32,0x40,0x0b,0xa2,0x1b,0x4a,0xb4,0xa8,0xa8,
	0x03,0x3e,0x93,0x2a,0x1d,0x79,0x54,0xc5,0xcf,0xa7,0x2d,0x0d,0x34,0x75,0x4a,0x75,
	0x69,0x4f,0xa4,0x2b,0xb3,0x66,0xd1,0xc5,0xd5,0xa6,0x57,0xad,0x5b,0xc3,0xba,0x19,
	0x9b,0x13,0xac,0xd9,0xb3,0x68,0xbf,0x12,0xbb,0x9a,0xa4,0x6d,0x4d,0x08,0x70,0xe3,
	0xca,0xad,0xfb,0x6d,0x2e,0x91,0xbb,0x2b,0x18,0xa4,0xed,0xca,0x57,0x47,0xb4,0xbf,
	0x62,0xf9,0xce,0xd1,0xbb,0x37,0xb0,0xb9,0x76,0x78,0x13,0x1b,0x3e,0xbc,0xd6,0xf1,
	0x5d,0x7f,0x8d,0x87,0x04,0x76,0x29,0x15,0xeb,0x58,0x84,0x84,0xed,0xb6,0xcd,0xd0,
	0x59,0x72,0xd6,0x8b,0xa1,0x2d,0x7f,0xd6,0x50,0xda,0x34,0xd5,0x90,0x42,0xfb,0x7a,
	0x1e,0xcd,0x21,0x75,0xa6,0xa7,0xac,0xad,0x56,0x96,0x44,0x1b,0xc4,0xed,0xd9,0x3b,
	0x6b,0x23,0xd8,0xdd,0x43,0x69,0xa5,0xc8,0xaa,0x63,0xfa,0xa6,0x4b,0x1c,0xf7,0x4d,
	0x14,0xc0,0xed,0x18,0x3f,0x8e,0x3c,0x79,0x70,0x99,0x8d,0x9a,0xfb,0x31,0x0a,0x3d,
	0x7a,0x66,0xc0,0xf5,0x5c,0xc8,0x9e,0x7e,0x30,0xbb,0xda,0xed,0x85,0xa1,0xbe,0xf8,
	0x0e,0x1e,0xa4,0xf8,0xf1,0x82,0xcb,0xe3,0xba,0x2e,0x3d,0x3d,0xd9,0xf5,0xec,0xdb,
	0xbf,0x6e,0x45,0xd2,0x3a,0xfc,0x43,0xf4,0x21,0x93,0xff,0xbf,0x5f,0x95,0x73,0xf1,
	0x09,0x88,0x52,0x7f,0x98,0xb9,0x06,0xa0,0x14,0x09,0x0a,0xc1,0x5d,0x13,0x06,0xde,
	0x82,0x58,0x71,0x0e,0xba,0x67,0x9f,0x68,0x03,0x3e,0x58,0x1f,0x83,0x0d,0x5e,0x98,
	0x5f,0x84,0xca,0xfd,0x87,0x21,0x68,0xfa,0xd5,0x30,0x61,0x15,0x23,0x92,0x88,0x60,
	0x88,0xb1,0x79,0xc8,0x5b,0x85,0x26,0xb1,0x28,0x9f,0x8a,0x25,0x9c,0x18,0x43,0x8a,
	0x26,0xd2,0x58,0xe3,0x3e,0x32,0xfa,0xc5,0x61,0x28,0x8b,0x91,0x81,0xde,0x8e,0x71,
	0x04,0x49,0x52,0x1b,0x44,0x0a,0xa9,0xc6,0x91,0xcb,0x28,0x89,0x24,0x90,0x38,0x6a,
	0xd3,0x63,0x93,0x4e,0x46,0xa9,0xcc,0x93,0x52,0x2a,0x02,0x23,0x37,0x4c,0x5e,0xf9,
	0x85,0x95,0x1f,0xd9,0xc8,0xe5,0x1e,0x5e,0x56,0x04,0x62,0x98,0x46,0x8e,0x59,0x56,
	0x99,0x66,0x0a,0x82,0x26,0x4d,0x59,0xae,0xb9,0xc5,0x96,0x6f,0xbd,0x09,0x27,0x17,
	0x6d,0xba,0xa9,0x66,0x9d,0x61,0xdc,0x19,0x95,0x8b,0x7a,0xee,0x49,0xe7,0x60,0x7c,
	0xfe,0xb9,0x5f,0x9e,0xe7,0xc8,0x49,0xa8,0x85,0x7e,0x32,0x36,0x68,0xa2,0x28,0x52,
	0x09,0x25,0xa4,0x8e,0x7e,0x68,0x68,0x38,0x88,0x4e,0xda,0x22,0x98,0xf3,0x34,0x8a,
	0xa9,0x77,0x81,0x2e,0xc9,0x69,0xa7,0xcc,0x85,0xfa,0xcf,0xa7,0xa2,0xca,0xa7,0x29,
	0xa3,0x92,0x9e,0xea,0xe3,0xaa,0x10,0xb9,0xca,0x2a,0x0c,0x97,0x92,0xc3,0x54,0xaa,
	0xb1,0x9a,0x56,0xab,0x86,0x29,0xd9,0x7a,0x6b,0x82,0xb5,0x55,0xda,0x2b,0x5b,0x33,
	0xed,0xba,0x68,0xb0,0x00,0xfa,0xc6,0xab,0xb1,0x12,0x92,0x22,0x5b,0xac,0xb2,0xa2,
	0x1d,0xd7,0xac,0xb3,0x94,0x42,0xab,0xab,0xb4,0x4e,0x51,0x5b,0xad,0xb5,0xf7,0x31,
	0x9b,0xad,0xb6,0xcf,0x72,0xfb,0xa3,0xb7,0x85,0xed,0x11,0x67,0xb7,0xe2,0x7e,0x78,
	0x66,0xb9,0xc3,0x9e,0x1a,0xee,0x8d,0xed,0x76,0xb9,0xee,0x8b,0xef,0x62,0x1a,0xaf,
	0xbc,0x68,0x44,0x2b,0x2c,0xab,0xe6,0x5e,0x0b,0x46,0xb2,0x92,0xb1,0x8b,0xaf,0x63,
	0xf0,0x02,0xfb,0x2f,0xbd,0x04,0x9f,0xa5,0xee,0xc1,0xe8,0x4e,0x6a,0x2a,0x78,0x76,
	0x92,0x3a,0x9c,0xa3,0xb3,0x5e,0xe7,0x2e,0xc4,0x33,0xea,0x18,0x62,0x89,0xe5,0xca,
	0xdb,0x30,0x6f,0x84,0x6a,0xbc,0xb1,0x66,0xfb,0x62,0xf9,0xa7,0xc5,0x8d,0x6c,0x38,
	0xb2,0xba,0x75,0x76,0x6c,0x17,0x85,0x18,0x77,0x05,0xa7,0xc2,0x76,0x96,0x07,0xc8,
	0xbc,0x4d,0x06,0x0c,0xaf,0x78,0x36,0x9f,0x6b,0x99,0x07,0x05,0x00,0x00,0x21,0xf9,
	0x04,0x04,0x0a,0x00,0x00,0x00,0x2c,0x43,0x00,0x50,0x00,0x5a,0x01,0x65,0x00,0x00,
	0x02,0xff,0x84,0x8f,0xa9,0xcb,0xcd,0x01,0xa3,0x9c,0x34,0xb8,0x8b,0xb3,0xde,0xbc,
	0xfb,0x0f,0x86,0x4e,0x45,0x56,0xe2,0x89,0xa6,0x58,0xc9,0x46,0xea,0x0b,0xc7,0xf2,
	0x9c,0xb6,0x2d,0x8d,0xe7,0x8b,0x7d,0xeb,0xfe,0x0f,0x0c,0x36,0x78,0x2c,0xa1,0xf1,
	0x44,0x2c,0x1e,0x97,0xcc,0xe6,0x27,0x59,0x72,0x4a,0x2f,0x50,0xd2,0xf4,0x8a,0x95,
	0x56,0x4d,0xd9,0xee,0x96,0xdb,0x0d,0x8b,0x69,0x5f,0xca,0x58,0x5b,0x9e,0x9c,0xd7,
	0xec,0x50,0x5a,0xdd,0x3e,0xbe,0x25,0xf1,0xba,0x7d,0x38,0x87,0xdc,0x83,0x79,0xd7,
	0xfe,0x5f,0xd7,0x67,0x01,0x98,0x23,0xa8,0x47,0x88,0x28,0x66,0x38,0x98,0x18,0xb3,
	0xd8,0x08,0x79,0xf5,0x18,0xf9,0xb2,0xc8,0x48,0x89,0xc9,0x67,0x98,0x89,0x62,0x79,
	0xc9,0x09,0x3a,0xe3,0x19,0x0a,0x32,0x4a,0x7a,0x0a,0x63,0x8a,0xba,0xa1,0xba,0xea,
	0xfa,0xd4,0xfa,0x8a,0x17,0x2b,0x5b,0x3b,0xe2,0xf9,0x69,0x8b,0x80,0x9b,0xab,0xeb,
	0x7b,0xc0,0xfb,0xab,0x10,0x2c,0x5c,0x6c,0x40,0x6c,0xcc,0x7b,0x68,0xec,0xab,0xdc,
	0x6b,0xeb,0xcc,0xfc,0x1b,0x5d,0xec,0xbc,0x2c,0xfd,0x6a,0xfd,0x8c,0xa9,0x8d,0x8c,
	0x8d,0xd5,0xed,0xbd,0x16,0x4e,0xce,0xf3,0x2d,0x53,0x9e,0xae,0xf4,0xa3,0xde,0x0e,
	0x77,0x5e,0xe9,0x2e,0xbf,0x8d,0x3e,0xdf,0x0e,0xef,0x68,0x9f,0x6e,0xa4,0x5f,0x8e,
	0x9f,0xdf,0xaf,0x9b,0x9c,0x80,0xda,0xfe,0x01,0x24,0xa8,0x6c,0x09,0x42,0x6a,0x06,
	0xe3,0x2d,0xc4,0xc5,0xe4,0x21,0xad,0x86,0x9d,0x24,0x4e,0x8a,0x68,0x31,0x0f,0x45,
	0x1c,0xff,0x19,0x35,0xa2,0xe9,0xf8,0x65,0x63,0x21,0x90,0x21,0xc1,0x91,0x24,0x22,
	0xd2,0xc7,0xc9,0x24,0x8a,0x56,0xae,0x4b,0x39,0xd2,0x65,0x94,0x31,0x32,0xc1,0xc0,
	0x54,0x59,0xf3,0x1d,0xcd,0x9c,0xd7,0x6e,0xea,0xe0,0xd9,0x73,0x9c,0x4c,0x9f,0x03,
	0x87,0xde,0x59,0x49,0x14,0xe3,0x49,0x40,0x4b,0x93,0x2a,0xed,0x98,0x08,0xaa,0xd3,
	0x26,0x20,0x21,0x49,0x9c,0x3a,0x25,0x23,0x37,0x82,0x58,0x25,0x2d,0xe4,0xc4,0xb5,
	0xab,0x49,0x7d,0xa7,0xec,0x89,0x0d,0x43,0x16,0x95,0xbc,0xb3,0x68,0xe7,0x65,0x53,
	0xc7,0x76,0xe7,0xbe,0x5a,0xfe,0xe2,0x9e,0x99,0xab,0x4b,0xa0,0x5d,0xa1,0x7a,0x9b,
	0x31,0xdc,0xcb,0x37,0x21,0x33,0x71,0x80,0xef,0x0a,0x96,0x66,0xa9,0xf0,0x9e,0x89,
	0xc9,0x04,0x29,0xfe,0x73,0x11,0x5e,0x9f,0xc7,0x4c,0x27,0x37,0x9c,0x43,0x99,0x90,
	0xc7,0x8d,0x25,0x33,0x6b,0x2e,0x73,0xb3,0xb3,0xe7,0xca,0x5b,0x88,0x56,0x19,0xdd,
	0xa8,0xb4,0x69,0x96,0xa8,0xa3,0x42,0x71,0xca,0xba,0x35,0xa2,0xd7,0xb0,0xcd,0xc9,
	0x76,0x6d,0xbb,0xb6,0x8d,0xdb,0xa9,0x73,0x27,0xf5,0xcd,0x9b,0xf4,0xcb,0xa3,0x5e,
	0x67,0x06,0x9f,0xdd,0x03,0x32,0x3d,0x20,0xbb,0x8f,0x7b,0x58,0xce,0x3c,0xb9,0x1d,
	0x3a,0x59,0x8d,0x3b,0xd7,0xe0,0xe7,0xa3,0x95,0xc5,0xd4,0xb5,0xeb,0xbc,0xbe,0x22,
	0xbb,0x93,0xe1,0x71,0xcc,0x54,0xb7,0x09,0xfe,0x56,0x77,0xaa,0xdb,0xa7,0xb7,0x67,
	0x6f,0x3e,0xbd,0xfa,0xef,0x4f,0xd7,0xb7,0x21,0x5f,0xd4,0xbe,0xfc,0x61,0xef,0xe1,
	0xeb,0xab,0x0f,0x8c,0x9e,0x42,0xf1,0xed,0xc7,0x5f,0x7f,0xf5,0x41,0xd7,0x96,0x81,
	0x02,0x8a,0x47,0x60,0x02,0xf8,0xe5,0x17,0xd4,0x7d,0xd6,0xf9,0xd7,0xe0,0x2c,0x01,
	0x2e,0x18,0xa1,0x84,0x0a,0x16,0x55,0xa1,0x85,0x17,0xf2,0xc3,0xa0,0x7b,0x13,0x2e,
	0xd8,0xe1,0x03,0x0f,0x0a,0xf1,0x5f,0x79,0x27,0x6a,0x52,0xa2,0x89,0x23,0x0a,0x88,
	0xdc,0x8b,0x2d,0x8e,0xb5,0x21,0x8a,0x08,0x02,0x48,0xdf,0x8c,0x59,0xac,0xc8,0x07,
	0x6e,0x35,0xea,0xe8,0x5d,0x8e,0xbf,0xf1,0x08,0xe4,0x81,0x42,0xae,0x26,0x63,0x91,
	0xfe,0x7d,0x88,0xe4,0x8f,0x4a,0x42,0x38,0x20,0x56,0x44,0x3e,0x69,0x63,0x92,0x4d,
	0x86,0x48,0x65,0x90,0x58,0x4a,0xb9,0x65,0x96,0xe7,0x65,0xd8,0x55,0x97,0x5e,0x9e,
	0x37,0x66,0x99,0x66,0x9e,0x89,0x66,0x9a,0x6a,0xae,0xc9,0x66,0x9b,0x6e,0xbe,0x09,
	0x67,0x9c,0x72,0xce,0x49,0x67,0x9d,0x76,0xde,0x89,0x67,0x9e,0x7a,0xee,0xc9,0x67,
	0x9f,0x7e,0xfe,0x09,0x68,0xa0,0x82,0x0e,0x4a,0x68,0x9f,0x05,0x00,0x00,0x21,0xf9,
	0x04,0x05,0x0a,0x00,0x02,0x00,0x2c,0x42,0x00,0x44,0x00,0x5b,0x01,0x71,0x00,0x81,
	0xf6,0x00,0x6b,0x00,0x00,0x00,0xe1,0xd8,0xe5,0x00,0x00,0x00,0x02,0xff,0x94,0x8f,
	0xa9,0xcb,0xed,0x0f,0xa3,0x9c,0xb4,0xda,0x8b,0xb3,0xde,0x60,0xfb,0x0f,0x86,0xe2,
	0x48,0x96,0xe6,0x89,0xa6,0xea,0xca,0xb6,0xee,0x0b,0xc7,0xf2,0x4c,0xd7,0xf6,0x8d,
	0xe7,0xfa,0xce,0xf7,0xfe,0x0f,0x0c,0x0a,0x87,0xc4,0xa2,0xf1,0x88,0x4c,0x2a,0x97,
	0xcc,0xa6,0xf3,0x09,0x8d,0x4a,0xa7,0xd4,0xaa,0xf5,0x8a,0xcd,0x6a,0xb7,0xdc,0xae,
	0xf7,0x0b,0x0e,0x33,0x3a,0xe2,0xb2,0xf9,0x8c,0x4e,0xab,0xd7,0xec,0xb6,0xfb,0x0d,
	0x8f,0xcb,0xe7,0xf4,0xba,0xfd,0x8e,0xcf,0xeb,0xf7,0xfc,0xbe,0xff,0x0f,0x18,0x28,
	0x38,0x48,0x58,0x68,0x78,0x88,0x98,0xa8,0xb8,0xc8,0xd8,0xe8,0xf8,0x08,0x19,0x29,
	0x39,0x49,0x59,0x69,0x79,0x89,0x99,0xa9,0xb9,0xc9,0xd9,0xe9,0x59,0x16,0x10,0x2a,
	0x3a,0x4a,0x5a,0x6a,0x7a,0xfa,0x59,0x72,0xba,0xca,0x8a,0x2a,0xd6,0x0a,0x1b,0x1b,
	0x9a,0x2a,0x22,0x6b,0xeb,0x0a,0x76,0xab,0x5b,0x4a,0x0b,0xb2,0xfb,0x1b,0x10,0x06,
	0x0c,0xdc,0xeb,0x31,0xfc,0xfb,0x75,0x4c,0x5c,0x8c,0xa1,0xbc,0xeb,0xe5,0x8c,0xcc,
	0x6c,0x11,0xad,0x0b,0x5d,0x7d,0x3b,0x4d,0x8d,0x2d,0x9b,0xcc,0x1d,0xab,0xbd,0xfd,
	0xcd,0xaa,0x15,0x7c,0x30,0x0e,0x1b,0x5e,0x81,0xde,0x7a,0xcd,0x8e,0xab,0x2e,0xf1,
	0x0e,0xbf,0x35,0x4f,0x1f,0xef,0x60,0xcf,0xeb,0xae,0x2f,0x8a,0x2f,0xdf,0xcf,0x1f,
	0xbf,0x80,0xff,0x00,0x06,0x34,0xd7,0xe5,0xe0,0xac,0x82,0x10,0x14,0xe6,0x52,0x88,
	0x90,0x21,0x03,0x88,0x0f,0x0f,0x4a,0x7c,0xe0,0xd0,0x1b,0xc1,0x8b,0xff,0xf9,0x2c,
	0x6a,0xdc,0xc8,0x71,0x41,0xc6,0x81,0xfa,0x42,0x36,0xf0,0xf8,0xb1,0x9f,0x49,0x91,
	0x20,0x49,0xce,0x5b,0xc9,0xb2,0x25,0x8d,0x88,0x2a,0x46,0xc2,0x3c,0x27,0x93,0x8b,
	0xcd,0x9b,0x02,0x72,0xea,0x44,0xd9,0x82,0x4c,0x23,0xa0,0x2e,0xd9,0xf1,0x44,0x40,
	0x34,0x61,0x52,0x98,0x3e,0x7f,0x96,0x3c,0x8a,0xf3,0xa9,0xb0,0xa6,0x2b,0x55,0xbe,
	0xa2,0xda,0xac,0x13,0x56,0x2c,0x4b,0x99,0x5a,0xad,0x28,0x15,0xea,0x56,0xae,0x5f,
	0xa1,0xf6,0x0c,0x5b,0xd4,0xa8,0xd9,0xb3,0xf6,0xae,0x96,0x3d,0x3a,0xb6,0x0a,0x45,
	0xb1,0x5d,0xaf,0x40,0xa4,0x59,0x75,0x27,0xd9,0xbb,0x3c,0xef,0xe2,0xb5,0xe2,0x77,
	0x61,0x5e,0xbe,0x4e,0xe7,0x0e,0x26,0x5c,0xce,0xef,0xcd,0xc0,0x7f,0xa1,0x08,0x65,
	0x8b,0x38,0x24,0x63,0x2b,0x00,0x1e,0x07,0xe6,0x68,0xf9,0xf2,0x94,0xca,0x95,0x91,
	0x6a,0xfe,0xc7,0xd9,0xb3,0x62,0x29,0x9c,0x3b,0x47,0x8d,0xac,0xae,0x74,0x82,0xcf,
	0x4f,0x4a,0x9b,0x36,0x30,0x19,0x9f,0xeb,0xcc,0xa8,0x97,0xcc,0x0e,0x7d,0x5a,0x6f,
	0xb1,0xdb,0xb4,0x6b,0x23,0xe1,0xfd,0x1a,0xb2,0x6e,0x5a,0xc0,0x45,0xfb,0x36,0x02,
	0x3c,0x38,0xeb,0xdd,0xc5,0x73,0x0f,0x47,0xde,0x1c,0xf6,0x72,0xe2,0xd1,0x85,0x3f,
	0x2f,0x92,0x7c,0xf5,0x68,0x66,0xd9,0x9d,0xd7,0xc5,0x5e,0x3d,0x36,0xf7,0xee,0xd2,
	0x8f,0x43,0x0f,0xbf,0x9d,0x39,0x7a,0xf3,0xe0,0xd7,0x1b,0x56,0xcf,0xdb,0xf8,0xfb,
	0x24,0xc9,0x7b,0xcf,0x4f,0x55,0x5f,0xfe,0xf7,0xf6,0xb7,0xf5,0x0b,0xef,0x7e,0x39,
	0x0d,0x79,0xd6,0x09,0x34,0x60,0x35,0x4d,0xe4,0xe7,0x9c,0x76,0xe8,0x84,0x23,0xa0,
	0x29,0x0a,0x8e,0x73,0x60,0x83,0x04,0x3e,0x88,0x4d,0x6a,0xe4,0x8d,0x72,0x12,0x84,
	0x4e,0x20,0x18,0x81,0x86,0x0c,0x5e,0xd8,0x98,0x77,0xce,0xb4,0x26,0x20,0x46,0xdf,
	0xc4,0xc3,0x61,0x87,0x27,0x92,0x18,0x1f,0x05,0xdc,0xc8,0x56,0x62,0x43,0x15,0x46,
	0xd1,0x9f,0x38,0x23,0xc2,0x58,0xe3,0x3a,0x06,0x92,0x86,0x5b,0x33,0x3b,0xe2,0x18,
	0x9c,0x8d,0xca,0xf0,0xf8,0x58,0x06,0xd1,0x30,0xd4,0xa3,0x06,0x47,0xc2,0x71,0xe3,
	0x5a,0x13,0x0c,0x29,0x07,0x94,0x4e,0x1a,0xb4,0x4c,0x1c,0xc7,0x4c,0xe9,0xe2,0x30,
	0x74,0x68,0x89,0xe5,0x93,0x55,0xce,0xf1,0x65,0x97,0x32,0x5a,0x73,0xc7,0x33,0x62,
	0x7a,0x49,0xa6,0x1d,0x69,0x9e,0x49,0x25,0x38,0x36,0x84,0xc8,0x43,0x36,0x6c,0x66,
	0xd9,0xcd,0x9b,0x82,0x05,0x21,0xe7,0x23,0x77,0xe2,0x69,0x4b,0x0d,0xa4,0x14,0x51,
	0xa7,0x23,0x18,0x02,0xea,0xe6,0x0c,0xfb,0x0c,0x51,0xe8,0x50,0x83,0x12,0x91,0x68,
	0x0c,0x0e,0x32,0x9a,0x8e,0xa0,0x7f,0x12,0xda,0x8e,0xa1,0x8f,0x42,0xba,0x8a,0x9e,
	0x87,0x62,0x7a,0x4f,0x0b,0xe4,0x50,0x7a,0xe9,0x22,0x99,0x1a,0xf1,0xa9,0x0c,0x9d,
	0x0a,0x71,0xea,0x21,0xa9,0xfe,0x30,0xaa,0xa5,0x13,0x22,0x11,0x2a,0x23,0x93,0x26,
	0xb1,0x6a,0x1e,0xb3,0xce,0x69,0xcc,0x28,0xf5,0xed,0x0a,0x40,0x01,0x00,0x21,0xf9,
	0x04,0x05,0x0a,0x00,0x02,0x00,0x2c,0x47,0x00,0x50,0x00,0x30,0x01,0x64,0x00,0x81,
	0xf6,0x00,0x6b,0x00,0x00,0x00,0xe1,0xd8,0xe5,0x00,0x00,0x00,0x02,0xff,0x94,0x8f,
	0xa9,0xcb,0xed,0x0f,0xa3,0x9c,0xb4,0xda,0x8b,0xb3,0x96,0x60,0xfb,0x0f,0x86,0xe2,
	0x48,0x96,0xe6,0x89,0xa6,0xea,0xca,0xb6,0xee,0x0b,0xc7,0xf2,0x4c,0xd7,0xf6,0x8d,
	0xe7,0xfa,0xce,0xf7,0xfe,0x0f,0x0c,0x0a,0x87,0xc4,0xa2,0xf1,0x88,0x4c,0x2a,0x97,
	0xcc,0xa6,0xf3,0x09,0x8d,0x4a,0xa7,0xd4,0xaa,0xf5,0x8a,0xcd,0x6a,0xb7,0xdc,0xae,
	0xf7,0x0b,0x0e,0x8b,0xc7,0xe4,0xb2,0xf9,0x8c,0x4e,0xab,0xd7,0xec,0xb6,0xfb,0x0d,
	0x8f,0xcb,0xe7,0xf4,0xba,0xfd,0x8e,0xcf,0xeb,0xf7,0xfc,0xbe,0xff,0x0f,0x18,0x28,
	0x38,0x48,0x58,0x68,0x78,0x88,0x98,0xa8,0xb8,0xc8,0x28,0xd4,0xd1,0x08,0x19,0x29,
	0x39,0x49,0x59,0x69,0xe9,0x11,0x70,0xa9,0xb9,0xc9,0xd9,0xe9,0x09,0x93,0xf9,0x29,
	0x3a,0x4a,0x5a,0x6a,0x7a,0x8a,0x9a,0xaa,0xba,0xca,0xda,0xea,0xfa,0x0a,0x1b,0x2b,
	0x3b,0x1b,0x19,0x4a,0x7b,0x8b,0x9b,0xab,0xbb,0xcb,0xdb,0xeb,0xfb,0x0b,0x7c,0x69,
	0x1b,0x4c,0x5c,0x6c,0x7c,0x8c,0x9c,0xac,0x6c,0x19,0x30,0xbc,0xfc,0xe1,0x5c,0xd5,
	0xdc,0xfc,0x0c,0x32,0x9d,0x35,0x4d,0x5d,0xbd,0x91,0x8d,0x95,0xad,0xbd,0x8d,0xf1,
	0x6d,0xf5,0x7d,0x1d,0x6e,0x51,0x1e,0xfd,0x94,0x0e,0x7e,0x2e,0xc1,0xae,0xce,0x04,
	0x1f,0xef,0xbe,0x30,0x1f,0x35,0x6f,0x5e,0xdf,0x90,0x4f,0x7f,0xd4,0xdf,0x6e,0x5f,
	0x02,0x80,0xeb,0x00,0xfa,0x3b,0x67,0xf0,0xa0,0x90,0x84,0x01,0x05,0x32,0x94,0xc7,
	0xb0,0xa1,0xbb,0x88,0x4b,0x22,0x4a,0x44,0x68,0x11,0x89,0xc5,0x6e,0x96,0xfb,0x36,
	0x5e,0x04,0xe2,0xf1,0xa3,0xb2,0x90,0x0a,0x79,0x90,0xec,0x18,0x52,0x63,0xca,0x7a,
	0x27,0xff,0xad,0x9c,0xf8,0xb2,0x48,0x4b,0x01,0x8f,0xaa,0xcd,0x94,0x79,0x33,0x5c,
	0x4c,0x9c,0x14,0x23,0xd4,0x24,0xe6,0x91,0xc3,0x8e,0x9e,0x02,0x0d,0x64,0xac,0x68,
	0xb0,0xe8,0xc0,0x84,0x4e,0x08,0x2a,0x5d,0x9a,0x0f,0x1f,0xbc,0xa7,0xfc,0xa6,0x4a,
	0x49,0x47,0xf5,0x01,0xd6,0x10,0x25,0x5b,0x70,0xcc,0x5a,0xf5,0x2b,0x39,0xb0,0xef,
	0xba,0x92,0x3d,0x8b,0x36,0xad,0xda,0xb5,0x26,0x7e,0xb2,0x05,0x03,0x20,0xee,0xdb,
	0x04,0x72,0xb1,0xc4,0xbd,0x3b,0xd7,0xc0,0x5d,0xb7,0x20,0x2d,0xec,0xad,0xfb,0xf6,
	0xef,0x95,0xbf,0x80,0xd7,0x12,0xb6,0x42,0xb8,0x70,0xda,0xc4,0x54,0x12,0xe3,0x55,
	0xeb,0x98,0xaf,0x13,0xc7,0x81,0x19,0x37,0xde,0x9b,0x97,0x66,0xe4,0xcd,0x9c,0x3b,
	0x7b,0xe6,0x5c,0x00,0x00,0x21,0xf9,0x04,0x05,0x32,0x00,0x02,0x00,0x2c,0x47,0x00,
	0x44,0x00,0x44,0x01,0x70,0x00,0x81,0xf6,0x00,0x6b,0x00,0x00,0x00,0xe1,0xd8,0xe5,
	0x00,0x00,0x00,0x02,0xff,0x94,0x8f,0xa9,0xcb,0xcd,0xe1,0xa2,0x9c,0xb4,0xda,0x8b,
	0xb3,0xde,0xbc,0xfb,0x0f,0x86,0xe2,0x48,0x96,0xe6,0x89,0xa6,0xea,0xca,0xb6,0xee,
	0x0b,0xc7,0xf2,0x4c,0xd7,0xf6,0x8d,0xe7,0xfa,0xce,0xf7,0xfe,0x0f,0x0c,0x0a,0x87,
	0xc4,0xa2,0xf1,0x88,0x4c,0x2a,0x97,0xcc,0xa6,0xf3,0x09,0x8d,0x4a,0xa7,0xd4,0xaa,
	0xf5,0x8a,0xcd,0x6a,0xb7,0xdc,0xae,0x57,0x02,0xf9,0x8a,0xc7,0xe4,0xb2,0xf9,0x8c,
	0x4e,0xab,0xd7,0xec,0xb6,0xfb,0x0d,0x8f,0xcb,0xe7,0xf4,0xba,0xfd,0x8e,0xcf,0xeb,
	0xf7,0xfc,0xbe,0xff,0x0f,0x18,0x28,0x38,0x48,0x58,0x68,0x78,0x88,0x98,0xa8,0xb8,
	0xc8,0xd8,0xe8,0xf8,0x08,0x19,0x29,0x39,0x49,0x59,0x69,0x79,0x89,0x99,0xa9,0xb9,
	0xc9,0xd9,0xe9,0xf9,0x09,0x1a,0x2a,0x3a,0x4a,0x5a,0x6a,0x7a,0x8a,0x9a,0xaa,0xba,
	0xca,0xda,0x13,0xd6,0x0a,0x1b,0x2b,0x3b,0x4b,0x5b,0x6b,0x7b,0x8b,0x9b,0xab,0x1b,
	0x08,0xb0,0xeb,0xfb,0x0b,0x1c,0x2c,0x3c,0x4c,0x5c,0xdc,0xd5,0x5b,0xf1,0x6a,0x2c,
	0xa2,0xbc,0xec,0xfc,0x0c,0x1d,0x0d,0x82,0x2c,0x5d,0x6d,0x7d,0x8d,0x9d,0xad,0xbd,
	0xcd,0xdd,0xed,0xfd,0x0d,0x1e,0x2e,0x3e,0x4e,0x5e,0x6e,0x7e,0x8e,0x9e,0xae,0xbe,
	0xce,0xde,0xee,0xfe,0x0e,0x1f,0x2f,0x3f,0x4f,0x5f,0x6f,0x7f,0x8f,0x9f,0xaf,0xbf,
	0xcf,0xcf,0xda,0xdc,0xbf,0x25,0xc0,0x3f,0x73,0x03,0xd3,0x08,0x14,0xa8,0xee,0xe0,
	0x9b,0x83,0x08,0xd1,0x31,0x74,0xc3,0xb0,0x21,0xc1,0x87,0x6b,0x22,0x2a,0x2c,0x67,
	0x51,0xe2,0x99,0x8c,0x7b,0x17,0x4b,0x14,0x84,0xc5,0xf1,0xa3,0x97,0x90,0x1a,0xbf,
	0x91,0xdc,0x48,0xb2,0x24,0xb7,0x94,0x22,0xb5,0xb0,0x54,0xa9,0x80,0x9a,0xb3,0x97,
	0x13,0x5a,0x2a,0x79,0x09,0x13,0x1b,0x4e,0x9b,0x55,0x76,0xf2,0x9c,0xe9,0xf3,0x8b,
	0xcf,0x8e,0x3a,0x83,0xa6,0xf8,0xc9,0x62,0xa8,0x42,0xa4,0xc1,0x94,0x86,0x61,0x7a,
	0xd3,0x69,0x36,0xa7,0x39,0xa7,0x50,0xd5,0x76,0x35,0xa0,0xd2,0x6d,0x5b,0xbb,0x0c,
	0xed,0xf6,0xd5,0xeb,0x4e,0x6f,0x46,0x47,0xe2,0x34,0x79,0x56,0x68,0x5a,0xb0,0x34,
	0x75,0xc8,0x44,0xd1,0x16,0x6d,0xca,0x32,0x2c,0xc5,0xd5,0xa5,0x1b,0x92,0xdc,0x49,
	0x33,0x7b,0xc7,0xe5,0x45,0xc3,0x71,0x62,0x44,0x36,0x83,0x1d,0x52,0xb4,0x52,0x00,
	0x00,0x21,0xf9,0x04,0x05,0x1e,0x00,0x02,0x00,0x2c,0xbf,0x00,0x50,0x00,0xdf,0x00,
	0x1c,0x00,0x81,0xf6,0x00,0x6b,0x00,0x00,0x00,0xe1,0xd8,0xe5,0x00,0x00,0x00,0x02,
	0x6d,0x94,0x8f,0xa9,0xcb,0xed,0x0f,0xa3,0x9c,0xf4,0x85,0x8a,0xb3,0xde,0xbc,0xfb,
	0x0f,0x86,0xe2,0x48,0x96,0xe6,0x89,0xa6,0xea,0xca,0xb6,0xee,0x0b,0xc7,0xf2,0x4c,
	0xd7,0xf6,0x8d,0xe7,0xfa,0xce,0xf7,0xfe,0x0f,0x0c,0x0a,0x87,0xc4,0xa2,0xf1,0x88,
	0x4c,0x2a,0x97,0xcc,0xa6,0xf3,0x09,0x8d,0x4a,0xa7,0xd4,0xaa,0xf5,0x8a,0xcd,0x6a,
	0xb7,0xdc,0xae,0xf7,0x0b,0x0e,0x8b,0xc7,0xe4,0xb2,0xf9,0x8c,0x8e,0x01,0xd6,0xe9,
	0xf6,0x64,0xcd,0x36,0xc0,0xdd,0xf4,0x07,0x1c,0x70,0x98,0xd7,0xf7,0x8a,0x7b,0x1e,
	0xcf,0x17,0xf8,0x07,0x28,0x27,0x68,0x28,0x10,0x77,0xa8,0x88,0x58,0x00,0x00,0x21,
	0xf9,0x04,0x05,0x0a,0x00,0x01,0x00,0x2c,0x7a,0x00,0x39,0x00,0x23,0x01,0x42,0x00,
	0x00,0x02,0xff,0x84,0x8f,0xa9,0xcb,0xed,0x0f,0xa3,0x9c,0xb4,0xda,0x8b,0xb3,0xde,
	0xbc,0xfb,0x0f,0x86,0xe2,0x48,0x96,0xe6,0x89,0xa6,0xea,0xca,0xb6,0xee,0x0b,0xc7,
	0xf2,0x4c,0xd7,0xf6,0x8d,0xe7,0xfa,0xce,0xf7,0xfe,0x0f,0x0c,0x0a,0x87,0xc4,0xa2,
	0xf1,0x88,0x4c,0x2a,0x97,0xcc,0xa6,0xf3,0x09,0x8d,0x4a,0xa7,0xd4,0xaa,0xf5,0x8a,
	0xcd,0x6a,0xb7,0xdc,0xae,0xf7,0x0b,0x0e,0x8b,0xc7,0xe4,0xb2,0xf9,0x8c,0x4e,0xab,
	0xd7,0xec,0xb6,0xfb,0xed,0x0a,0xc0,0xe1,0x72,0x66,0xa0,0x3e,0x67,0xdf,0xed,0xfb,
	0xfc,0xfa,0x8e,0x87,0x04,0x18,0xe8,0x57,0x36,0x48,0x58,0x74,0x58,0x78,0x76,0xd8,
	0x67,0xd4,0x88,0xb8,0xe8,0x05,0x19,0x09,0x44,0x29,0x19,0x46,0xe9,0x38,0xa4,0x89,
	0xf9,0xa5,0xb9,0x19,0x04,0xea,0xd9,0x05,0x1a,0xfa,0x63,0x4a,0xaa,0x65,0x0a,0xc8,
	0x99,0xaa,0x7a,0xc5,0x3a,0x28,0x2a,0x0b,0x5b,0x25,0x3b,0x8b,0x8a,0x6b,0x2b,0x85,
	0xab,0xe8,0xe3,0x5b,0xc9,0x2b,0x18,0xdc,0xda,0x53,0x3c,0xec,0x54,0x9c,0xbb,0xb3,
	0x9c,0xbc,0xb4,0xfc,0xab,0x13,0xfd,0x9c,0x14,0xdd,0x38,0x7d,0x5d,0x9d,0x78,0x8d,
	0x8d,0xd3,0x2d,0xbc,0x9d,0x0d,0xce,0x5c,0x43,0x2e,0x4e,0x4b,0x5e,0x3e,0xa3,0x8e,
	0xae,0xab,0xbe,0x1e,0x03,0xef,0xce,0x03,0x0f,0x69,0x3e,0x4f,0x9f,0x63,0x7f,0xcf,
	0x6e,0xaf,0x7f,0x83,0x5f,0x27,0x79,0x02,0x01,0x1a,0x10,0x88,0xf0,0x1f,0x8c,0x84,
	0x00,0x13,0x3a,0x6c,0xf7,0xc2,0xa1,0xbe,0x87,0x14,0xbb,0x45,0x94,0xe8,0xae,0xa2,
	0x46,0x67,0x6c,0x2d,0x28,0x66,0xdc,0x08,0x72,0x17,0x8b,0x8a,0xe8,0x42,0x9a,0xac,
	0xa5,0x62,0xa3,0xb8,0x93,0x2c,0x07,0xa2,0x00,0x59,0xb2,0xa5,0x4c,0x63,0x27,0x42,
	0xc6,0x9c,0x29,0xf3,0xa5,0xcd,0x9b,0x38,0x4f,0xd6,0x34,0xf9,0xb1,0xa7,0xcf,0x12,
	0x2c,0x83,0x0a,0x05,0x3a,0x22,0xe7,0xca,0xa3,0x43,0x43,0xcc,0x34,0xca,0x54,0xa3,
	0x08,0x9c,0x50,0xa3,0x7a,0x04,0xd1,0x93,0x9e,0x55,0x95,0x1f,0x84,0x6a,0xdd,0x4a,
	0xd2,0xc3,0xd1,0xaf,0x60,0xaf,0x6e,0x88,0x4a,0xb6,0x2c,0xc3,0xb3,0x68,0xab,0xaa,
	0x55,0x98,0x61,0x6b,0xda,0xb7,0xfc,0x34,0x80,0x9d,0x4b,0x37,0xdf,0x85,0x02,0x00,
	0x21,0xf9,0x04,0x04,0x0a,0x00,0x00,0x00,0x2c,0x75,0x00,0x39,0x00,0x27,0x01,0x4b,
	0x00,0x00,0x02,0xff,0x84,0x8f,0x16,0xbb,0xe9,0x0f,0xa3,0x9c,0xb4,0xda,0x8b,0xb3,
	0xde,0xbc,0xb2,0xd6,0x85,0x22,0xf2,0x31,0xe3,0x89,0xa6,0xea,0xca,0x86,0x25,0xd8,
	0xc6,0xc9,0x1b,0xc8,0xf6,0x8d,0xe7,0x37,0x5d,0xeb,0x72,0xe9,0x0b,0x0a,0x87,0xc4,
	0xc7,0xab,0xa8,0x3a,0x22,0x97,0xcc,0xe6,0x49,0xe9,0x74,0x99,0xa2,0xd4,0xaa,0xd5,
	0x01,0xbc,0x6e,0xa6,0xda,0xae,0x17,0xc9,0xfd,0x5a,0xc2,0xe2,0xb2,0x99,0xf5,0x39,
	0x8f,0xd5,0xec,0xf6,0x08,0xe6,0x8e,0xcb,0xe7,0x1c,0x38,0xfd,0x8e,0xcf,0xcf,0xf4,
	0xfc,0xbe,0xff,0x0f,0x18,0x28,0x38,0x48,0x58,0x68,0x78,0x88,0x98,0xa8,0xb8,0xc8,
	0xd8,0xe8,0xf8,0x08,0x19,0x29,0x39,0x49,0x59,0x69,0x79,0x89,0x99,0xa9,0xb9,0xc9,
	0xd9,0xe9,0xf9,0x09,0x1a,0x2a,0x3a,0x4a,0x5a,0x6a,0x7a,0x8a,0x9a,0xaa,0xba,0xca,
	0xda,0xea,0xfa,0x0a,0x1b,0x2b,0x3b,0x4b,0x5b,0x6b,0x7b,0x8b,0x9b,0xab,0xbb,0xcb,
	0xcb,0xd9,0xd3,0xab,0xf7,0x1b,0x2c,0x0c,0x4c,0x67,0x77,0x47,0x56,0xec,0x96,0x36,
	0x7c,0xac,0xac,0x06,0x65,0x9c,0xf5,0xcc,0x46,0x83,0x67,0x4d,0x0d,0x8d,0x3d,0xc7,
	0x93,0x6d,0xc6,0xe3,0xac,0xbd,0xed,0xdd,0x05,0x1e,0xfe,0x0d,0x4e,0x5e,0x6e,0x7e,
	0x2e,0xc6,0xae,0x0e,0xc1,0x2e,0x3f,0x4f,0xff,0xde,0x36,0xdf,0x64,0xef,0x58,0xcf,
	0xdf,0x5f,0x9f,0x6f,0x0e,0x0b,0x3e,0x80,0xdd,0xf6,0xf9,0x3b,0x88,0x30,0x1a,0x98,
	0x74,0x24,0xe8,0x39,0x09,0xd8,0x28,0xa1,0x44,0x89,0x0f,0x19,0x2a,0xf8,0x47,0x70,
	0x5c,0xa2,0x89,0xb2,0x1c,0x0f,0x56,0x2c,0x08,0xa0,0xdf,0x47,0x8d,0x87,0x3a,0x9a,
	0xe4,0x37,0xd2,0x9a,0xbf,0x28,0x10,0x37,0x9e,0x7c,0x29,0x2f,0xe3,0x49,0x99,0xd3,
	0x14,0xc1,0xbc,0x09,0x72,0x21,0x4c,0x9a,0xc4,0x16,0xe1,0xfc,0xc9,0x6c,0x49,0x37,
	0x8a,0x19,0x27,0x01,0x05,0x9a,0xf2,0x62,0xc2,0x87,0x96,0x8e,0xfe,0xac,0xd8,0x90,
	0xa8,0x3a,0xa7,0x38,0xaf,0x74,0x84,0x17,0x92,0xea,0xce,0x2a,0x33,0xe1,0x69,0xdd,
	0x9a,0x72,0x22,0xd6,0xaf,0x2f,0x59,0x96,0xf5,0x4a,0xd6,0x64,0x58,0x8e,0x58,0xb3,
	0xa6,0x15,0xcb,0xa4,0xea,0xd8,0xb7,0x70,0x75,0x82,0x45,0x4b,0x17,0xa1,0xd0,0xa7,
	0x6d,0xf3,0x4a,0x15,0xe2,0xb4,0xaf,0x5f,0xbd,0x43,0xa8,0xb6,0x75,0x3b,0x18,0x25,
	0x60,0xc3,0x82,0x13,0x2b,0xf6,0xf1,0xf5,0xb0,0x63,0x91,0x90,0x23,0x37,0x9e,0x3c,
	0x30,0x47,0xda,0xc3,0x88,0x31,0xeb,0xb3,0x41,0x57,0xb2,0xe7,0xcc,0x3f,0x42,0x8b,
	0x1e,0xdd,0x32,0x86,0x5f,0xce,0xa8,0x3f,0xa3,0x59,0x7d,0xba,0x35,0xc9,0x14,0x89,
	0x59,0xcb,0xce,0xa9,0xa2,0x00,0x00,0x21,0xf9,0x04,0x05,0x0a,0x00,0x02,0x00,0x2c,
	0x54,0x00,0x39,0x00,0x4a,0x01,0x79,0x00,0x81,0xf6,0x00,0x6b,0x00,0x00,0x00,0xe1,
	0xd8,0xe5,0x00,0x00,0x00,0x02,0xff,0x84,0x8f,0xa9,0xcb,0xed,0x0f,0xa3,0x9c,0xb4,
	0xda,0x8b,0xb3,0xde,0xbc,0xfb,0x0f,0x86,0xe2,0x48,0x96,0xe6,0x89,0xa6,0xea,0xca,
	0xb6,0xee,0x0b,0xc7,0xf2,0x4c,0xd7,0xf6,0x8d,0xe7,0xfa,0xce,0xf7,0xfe,0x0f,0x0c,
	0x0a,0x87,0xc4,0xa2,0xf1,0x88,0x4c,0x2a,0x97,0xcc,0xa6,0xf3,0x09,0x8d,0x4a,0xa7,
	0xd4,0xaa,0xf5,0x8a,0xcd,0x6a,0xb7,0xdc,0xae,0xf7,0x0b,0x0e,0x8b,0xc7,0xe4,0xb2,
	0xf9,0x8c,0x4e,0xab,0xd7,0xec,0xb6,0xfb,0x0d,0x8f,0xcb,0xe7,0xf4,0xba,0xfd,0x8e,
	0xcf,0xeb,0xf7,0xfc,0xbe,0xff,0x0f,0x18,0x28,0x38,0x48,0x28,0x12,0x50,0x88,0x98,
	0x14,0xb0,0x98,0x88,0xb5,0x78,0x08,0xf7,0xc8,0xd8,0x48,0x25,0x19,0x29,0x09,0x49,
	0x19,0x85,0xe9,0x86,0xf9,0xa8,0x09,0xe5,0x99,0xa9,0x26,0x3a,0x09,0xca,0x54,0xca,
	0x56,0x6a,0x7a,0xaa,0x98,0xba,0xb6,0x3a,0xda,0x6a,0x14,0xab,0x5a,0x3b,0x7b,0x14,
	0x2b,0x6b,0xa6,0x8b,0x9b,0x7b,0x9b,0xd6,0xeb,0x5b,0x24,0x1c,0x0c,0x3c,0x2c,0x54,
	0x8c,0xa6,0x8c,0x0c,0xc4,0xcc,0x7b,0xdc,0xec,0xbc,0x6a,0xfb,0x2a,0x1d,0xf4,0x5c,
	0x96,0x7d,0xad,0xb3,0x3d,0xe6,0xcd,0x7d,0x03,0x1e,0x36,0x1e,0x5e,0x13,0x7d,0x86,
	0x6e,0x8e,0x53,0x0e,0x16,0x2b,0x00,0x1f,0x2f,0x3f,0x4f,0x5f,0x6f,0x7f,0x8f,0x9f,
	0xaf,0xbf,0xcf,0xdf,0xef,0xff,0x3f,0xef,0xdc,0x2a,0x80,0x04,0x01,0x0a,0xb4,0x26,
	0x23,0x40,0xc1,0x85,0x0c,0x1b,0x32,0x3c,0x28,0x4a,0xa0,0x3c,0x88,0x11,0x67,0x28,
	0x74,0x88,0x31,0xa3,0xc6,0x80,0xff,0x34,0xda,0x9d,0x58,0xc4,0x31,0xa1,0xba,0x14,
	0x1b,0x4b,0x9a,0xd4,0xd8,0x71,0x24,0x8b,0x8a,0x22,0xa9,0xbd,0x38,0x09,0x33,0xa6,
	0x41,0x8b,0x2a,0x57,0xb0,0x8c,0xe1,0x51,0x84,0xcc,0x9d,0x3c,0xef,0x51,0xe4,0x04,
	0x03,0x5f,0x4a,0x97,0x2f,0x7b,0x1a,0xed,0x39,0x14,0x61,0x0b,0xa1,0x49,0x3d,0x05,
	0x3d,0x0a,0x55,0xe6,0x4f,0x4b,0x45,0x7d,0x36,0x75,0xba,0x22,0xaa,0x56,0xa9,0x57,
	0x81,0x66,0xdd,0xd7,0x95,0x2a,0x8a,0xad,0x64,0x63,0x86,0xfd,0xa4,0xc2,0xdf,0x59,
	0x56,0x23,0xca,0xba,0x85,0xb9,0x76,0x97,0xce,0x99,0x2d,0x4b,0xbd,0xbd,0x8b,0x97,
	0xdf,0xd4,0x47,0x79,0x43,0xe2,0x7c,0xd7,0x37,0xb0,0x60,0x01,0x71,0x07,0x13,0xa6,
	0x39,0xd0,0xb0,0x62,0xb7,0x7b,0x41,0x0e,0x6e,0xec,0x78,0xb1,0x64,0xa8,0x90,0x2f,
	0x06,0xae,0xdc,0x4a,0x57,0x4d,0x15,0xba,0x0c,0x17,0x9e,0x0c,0xda,0xe8,0x67,0xc1,
	0x90,0x43,0x9b,0xde,0x39,0xfa,0x32,0x62,0xa5,0x8d,0x34,0x13,0xfd,0x9b,0x98,0xf4,
	0x6a,0x51,0xa7,0x6b,0x9f,0x2c,0xfd,0x38,0xb5,0xed,0xdd,0x0f,0x75,0xe3,0xad,0xcc,
	0x3b,0x78,0xc3,0xd9,0xb4,0x73,0xd7,0x2d,0x2e,0x3c,0xf9,0x3f,0xe2,0x9e,0x3c,0x33,
	0x97,0xa4,0x3c,0x7a,0x3f,0xdf,0xbf,0xd7,0x4a,0xbf,0x9e,0x8f,0xfa,0xdd,0xbd,0xd8,
	0xbb,0x5b,0x7d,0x6e,0x59,0xf6,0x6c,0xef,0xe4,0xed,0xfd,0x9c,0x7c,0xb0,0xbc,0xfa,
	0x7a,0x49,0x4d,0x3f,0x5d,0x0f,0xdf,0x3c,0xcd,0xda,0xef,0xe3,0xdb,0x8f,0x57,0x7f,
	0x77,0xfe,0xfb,0xf1,0xf7,0xd3,0xff,0x5f,0xca,0x5f,0x80,0x87,0x01,0x28,0xdc,0x57,
	0x02,0x0a,0xc8,0xc2,0x75,0x69,0x1d,0xc8,0xe0,0x82,0x0a,0x9e,0xc0,0x60,0x84,0x24,
	0x75,0x07,0x61,0x84,0x0d,0x56,0x48,0x61,0x09,0x16,0x4a,0x68,0x42,0x79,0x1a,0x6e,
	0x78,0x21,0x09,0xea,0x7d,0x08,0x22,0x82,0x24,0x7a,0x27,0x62,0x89,0x07,0x9e,0x48,
	0xde,0x5c,0x2a,0xae,0xe8,0xe2,0x88,0x21,0xbc,0x18,0x22,0x08,0xfd,0xd9,0x48,0x23,
	0x8c,0x38,0xc2,0xb7,0x63,0x8e,0x01,0xce,0x68,0x5f,0x8f,0x3e,0xde,0x27,0xe4,0x7a,
	0x1f,0x0c,0xa9,0x63,0x07,0xfc,0x79,0x80,0x64,0x8d,0x1a,0x98,0xb8,0x41,0x93,0x49,
	0x66,0x30,0xe5,0x05,0x52,0x56,0x69,0x25,0x94,0x18,0x5c,0x89,0x65,0x05,0x4e,0x7a,
	0xc9,0xa5,0x96,0x59,0x76,0x29,0x41,0x98,0x62,0x5a,0xc0,0xe1,0x98,0x66,0x12,0x49,
	0xa5,0x85,0x6a,0xae,0xc9,0x26,0x9a,0x1b,0xbe,0x09,0xe7,0x8d,0x72,0xba,0x09,0x66,
	0x9d,0x4b,0xde,0x89,0xe7,0x04,0x7a,0x9e,0x09,0x81,0x8a,0x14,0xfc,0x09,0xe8,0x03,
	0x82,0xfa,0x49,0xe8,0x9e,0x88,0x1e,0x1a,0x68,0xa2,0x3f,0x96,0x49,0x63,0x04,0x8e,
	0x16,0xaa,0x80,0x8f,0x92,0x4e,0xaa,0xa8,0xa1,0x39,0x36,0x8a,0x69,0x9c,0x0e,0x0c,
	0xa9,0x69,0xa7,0x9e,0x32,0x80,0x64,0xa8,0xa2,0xda,0xd9,0x40,0x93,0xa9,0x9e,0x3a,
	0x6a,0xa5,0xaa,0x2e,0xc0,0xea,0xa3,0xb0,0x4a,0x49,0x6a,0xac,0xad,0x1a,0xc0,0xe5,
	0xac,0xb6,0x06,0xa9,0xeb,0xab,0x08,0xec,0x9a,0xe9,0x01,0x61,0x26,0x00,0x6c,0xb0,
	0x00,0x98,0x49,0x6c,0xb1,0xbc,0x1c,0xfe,0x8a,0x2c,0xae,0xca,0x7a,0x0a,0xa7,0xb3,
	0xcf,0x2e,0x5b,0xa7,0xb4,0xd3,0xf2,0x68,0xed,0xb0,0xd7,0xb2,0xb9,0x6d,0xb7,0xff,
	0x6d,0x50,0x00,0x00,0x21,0xf9,0x04,0x04,0x0a,0x00,0x00,0x00,0x2c,0x42,0x00,0x39,
	0x00,0x5c,0x01,0x7c,0x00,0x00,0x02,0xff,0x84,0x8f,0xa9,0xcb,0xed,0x1c,0x62,0x7c,
	0xb4,0xda,0x8b,0xb3,0xde,0xbc,0xfb,0x2b,0x4d,0xdf,0x48,0x96,0x64,0x28,0x99,0xea,
	0xca,0xb6,0xee,0x0b,0xa0,0x22,0x4c,0xd7,0x98,0x1c,0xd8,0xfa,0xce,0xf7,0x20,0xee,
	0x0b,0xda,0x70,0x39,0xa1,0xf1,0x88,0x34,0x11,0x93,0xcc,0xd3,0xb2,0x09,0x8d,0x4a,
	0x0d,0xc4,0xe2,0xf4,0xea,0xa8,0x62,0xb7,0x5c,0x9d,0xb6,0x0b,0xae,0x5a,0xc1,0xe4,
	0xb2,0x47,0x6c,0xde,0x8a,0xc7,0xe9,0xb6,0x1b,0x82,0x7e,0x4b,0xbf,0xf2,0x7a,0x3d,
	0x6e,0x6f,0x3e,0xf3,0xfc,0x34,0xbd,0x8f,0xb4,0x07,0x38,0xa8,0x26,0x48,0x18,0x04,
	0x74,0xa8,0x38,0x65,0xb8,0xd8,0x83,0xe2,0x18,0xa9,0x27,0x23,0x29,0x04,0x59,0x89,
	0x89,0x48,0x99,0xb9,0x73,0xc9,0xf9,0x39,0xe4,0x09,0x5a,0x93,0x32,0x6a,0x0a,0x13,
	0x72,0x1a,0xca,0xa6,0xda,0x3a,0x52,0xea,0xfa,0x32,0x13,0x4b,0xdb,0x01,0x5b,0xbb,
	0xc2,0x8a,0xbb,0x5b,0x31,0xcb,0xfb,0x0b,0xfc,0x18,0x3c,0x4c,0x5c,0x6c,0x7c,0x8c,
	0x9c,0xac,0xbc,0xcc,0xdc,0xec,0xfc,0x0c,0x1d,0x2d,0x3d,0x4d,0x5d,0x6d,0x7d,0x8d,
	0x9d,0xad,0xbd,0xcd,0xdd,0xed,0xfd,0x0d,0x1e,0x2e,0x3e,0x4e,0x5e,0x6e,0x7e,0x8e,
	0x9e,0xae,0xbe,0xce,0xde,0xee,0xfe,0x0e,0x1f,0x2f,0x3f,0x4f,0x5f,0x8f,0x6a,0x8f,
	0x4f,0xaa,0x9b,0x1f,0xb5,0x3f,0x9d,0xca,0xef,0xca,0x2d,0x6b,0xa2,0x02,0x4e,0xf2,
	0xf5,0x6f,0x93,0x41,0x26,0x0a,0xa3,0xad,0x61,0x88,0xef,0x61,0x20,0x84,0x6d,0xf0,
	0x1c,0x59,0x83,0x31,0x9c,0xc4,0x89,0xff,0x18,0x2d,0x1a,0xd9,0xf8,0xb1,0xe3,0x1f,
	0x6f,0x20,0x2d,0x89,0x1c,0xa9,0xc9,0x63,0xca,0x93,0x05,0xbb,0x95,0x5c,0xc9,0x12,
	0x20,0xc7,0x46,0x3e,0x62,0xb6,0x74,0xa9,0xb2,0xa6,0xcd,0x9b,0x3a,0x51,0xf6,0xb4,
	0x09,0xca,0x5f,0xa7,0x9c,0x3f,0x63,0xc6,0x10,0xea,0x85,0x28,0x8f,0x9d,0x48,0x15,
	0x35,0xd5,0xe7,0xf3,0x11,0xd3,0x03,0x4f,0x69,0xbc,0x84,0x99,0xf1,0xdc,0x55,0xa9,
	0x2c,0x13,0x54,0x45,0xb5,0x75,0x69,0x47,0x75,0x59,0x2f,0x8a,0x84,0xc0,0x50,0xe9,
	0x50,0xb5,0xe3,0xc2,0xae,0x65,0x9b,0x36,0xaa,0xd8,0x44,0xed,0xca,0x86,0xa4,0x89,
	0xc5,0x6d,0x52,0x9e,0x64,0xe1,0x42,0xe5,0xbb,0xe0,0xab,0x2c,0xbf,0x56,0x65,0xc6,
	0xd3,0xbb,0x6a,0x60,0x19,0xc4,0x43,0xf2,0x11,0x2e,0x2c,0x78,0x0e,0xe3,0x85,0x2d,
	0xec,0x42,0x9b,0x4c,0x99,0x05,0xe6,0x62,0x9b,0x33,0x2b,0x79,0xcc,0x19,0xb4,0xe7,
	0x12,0x9d,0x87,0x95,0x1e,0xfd,0xe1,0x34,0x30,0xd5,0xa8,0x39,0xb0,0xe6,0x65,0xb9,
	0xf5,0x60,0xd1,0xa6,0x69,0xcb,0x76,0x6d,0x7b,0x75,0xee,0xdb,0x19,0x5e,0xef,0xf2,
	0xcd,0xbb,0xd7,0x6e,0xd8,0xc3,0x83,0x0b,0x97,0xbb,0x0c,0xb8,0xf1,0x2c,0xc5,0x71,
	0x29,0x5f,0x0e,0xa7,0x39,0xad,0xd8,0xd0,0x49,0x4b,0x8f,0x45,0xbd,0xfa,0xab,0xeb,
	0xd8,0xb9,0x6b,0xa7,0xea,0xbd,0xd5,0xf3,0xef,0xe0,0x91,0x2b,0x1b,0x4f,0xfe,0xa8,
	0xf9,0x64,0xe8,0xc9,0x67,0x4f,0xde,0xfe,0x7b,0xfc,0x53,0xe1,0xdd,0xd7,0xa7,0x8f,
	0x37,0xbd,0xad,0xf5,0x5d,0x14,0x17,0xff,0xf5,0x3f,0x0f,0x45,0x5c,0x35,0xf4,0x86,
	0x61,0x26,0x01,0x06,0x0f,0x80,0x73,0x21,0x18,0x86,0x81,0x58,0x45,0x86,0x8e,0x83,
	0x0f,0xde,0x41,0x20,0x56,0x8e,0x31,0xf8,0x97,0x82,0x0d,0x56,0xb8,0xd2,0x85,0x1c,
	0x0e,0x08,0x21,0x14,0xf7,0xf5,0xa6,0x61,0x5d,0xf9,0xbd,0x15,0x62,0x12,0xef,0xad,
	0x65,0xcf,0x7c,0x24,0x0a,0xd8,0xdf,0x8a,0x49,0xb5,0xe8,0xe2,0x0d,0x30,0x72,0x71,
	0xd6,0x44,0xf5,0x8c,0xa5,0x63,0x45,0x27,0xa9,0x48,0xcf,0x8f,0x40,0xfa,0xd1,0x95,
	0x7e,0xb8,0x09,0x79,0x1e,0x50,0x46,0xda,0x68,0x14,0x7b,0x53,0x2d,0x69,0xc1,0x93,
	0xc7,0x30,0x75,0x23,0x94,0xe5,0x29,0x69,0x0c,0x95,0x55,0x5a,0xa9,0x65,0x96,0x5a,
	0x6e,0x69,0xe4,0x97,0x29,0x72,0x22,0x26,0x98,0xe9,0x95,0x49,0x4c,0x99,0x25,0x9e,
	0xa9,0xa6,0x6e,0x6a,0x9a,0x09,0xdd,0x9b,0x70,0x92,0x29,0xe7,0x9c,0xc1,0xd5,0x39,
	0xe6,0x22,0x78,0xe6,0x39,0xda,0x9e,0xce,0xe1,0x69,0xe5,0x95,0x6f,0xfe,0x26,0x67,
	0xa0,0x08,0xd4,0xf9,0x4b,0xa1,0x86,0x0a,0xfa,0x65,0xa2,0x83,0x2e,0x4a,0xc5,0xa3,
	0xc4,0x89,0x09,0xe9,0xa1,0x6d,0xba,0xd9,0x65,0xa5,0x8c,0xee,0x94,0x66,0xa6,0x9a,
	0x46,0xea,0x69,0x30,0x8d,0x7e,0xba,0x69,0x91,0x9d,0x4a,0x49,0xaa,0x7a,0x9c,0x7a,
	0x89,0x65,0xaa,0xaa,0x36,0xc9,0x2a,0xac,0xae,0xbe,0x8a,0x64,0xac,0xb5,0xce,0xda,
	0xea,0x94,0xa6,0xce,0x5a,0x2a,0x7f,0x84,0xe6,0xc8,0xab,0xa5,0xc0,0x26,0xc9,0x63,
	0xb0,0xc2,0xca,0x28,0xea,0xb0,0xc6,0x27,0xd2,0x7a,0x62,0x68,0x35,0x1a,0x57,0x6c,
	0x33,0xc8,0xba,0x3a,0xed,0xa9,0x74,0x2d,0xab,0xc0,0x88,0x9f,0x68,0xab,0x9d,0xaf,
	0xb6,0xae,0x69,0xec,0xb5,0x09,0x81,0x8b,0x2d,0x86,0xd8,0x9e,0x4b,0x43,0x01,0x00,
	0x21,0xf9,0x04,0x04,0x0a,0x00,0x00,0x00,0x2c,0x42,0x00,0x41,0x00,0x53,0x01,0x74,
	0x00,0x00,0x02,0xff,0x84,0x8f,0xa9,0xcb,0xed,0x19,0xa2,0x9c,0xe1,0xd9,0x8b,0xb3,
	0xde,0xbc,0xfb,0x0f,0x36,0xd4,0x18,0x96,0xe6,0xf9,0x8c,0x24,0xca,0xb6,0xee,0x0b,
	0xb3,0x2a,0x15,0xd7,0xf6,0x32,0xd3,0xf7,0xce,0xf7,0x3e,0x96,0x9b,0xfc,0x86,0xa6,
	0xa0,0x84,0x88,0x4c,0x2a,0x4f,0xc6,0xe3,0xf2,0x99,0x6a,0x56,0xa0,0xd4,0xaa,0x15,
	0x20,0x9d,0x5e,0xad,0x59,0xed,0xf6,0x0b,0xb6,0x75,0xc3,0xcf,0xae,0x97,0x8c,0x4e,
	0x7f,0xcc,0x6a,0x24,0xbb,0x0d,0x8f,0x5b,0xde,0x72,0x9e,0xf9,0x5c,0xcf,0xc3,0xef,
	0xfa,0x1b,0xbf,0x0f,0x98,0x76,0x87,0x17,0xc8,0xf4,0x57,0x88,0x78,0x35,0x98,0xd8,
	0x32,0x48,0xc8,0x08,0xf9,0xe3,0x18,0x59,0xb4,0x48,0x79,0xe9,0xe3,0xf8,0x88,0x79,
	0xa1,0xc9,0xf9,0x29,0x36,0x09,0xba,0xa1,0xb9,0x39,0x7a,0xda,0x51,0x8a,0x0a,0xe4,
	0xb9,0xea,0xea,0x51,0x6a,0xfa,0x1a,0xfb,0x5a,0x4b,0xaa,0x6a,0x8b,0x43,0x9b,0xcb,
	0x2b,0xb2,0xdb,0x8b,0x15,0x2b,0x0b,0xec,0x2a,0x3c,0x7c,0x6a,0x4c,0xac,0x1c,0xfc,
	0xdb,0x6b,0x7c,0xbc,0xfc,0xf9,0x0c,0xfc,0x0c,0x1d,0x7d,0x59,0x4d,0x3d,0x7d,0x6d,
	0x9b,0xed,0xec,0xcd,0x5d,0xbc,0x9d,0x5b,0x1d,0x11,0x2e,0x0e,0x5e,0x5b,0x6e,0x7d,
	0x5e,0xb8,0xce,0xbb,0xce,0xde,0xde,0xf7,0xde,0x1d,0x3f,0x0f,0x1a,0x2f,0x9f,0xa8,
	0x8f,0x2f,0x7d,0x6f,0xaf,0x9c,0x3f,0x4e,0xfd,0xe0,0x09,0x1c,0x88,0x09,0x20,0xb9,
	0x74,0x08,0x21,0x29,0x5c,0x98,0xac,0x61,0x42,0x86,0x01,0x85,0x49,0x9c,0x38,0xce,
	0xa0,0xc5,0x8b,0xff,0xd8,0x32,0x6a,0x6c,0xc6,0xd1,0x61,0xc4,0x1d,0x39,0xa8,0xe8,
	0x1b,0xc3,0xb1,0xe4,0x92,0x93,0x74,0x58,0xa9,0x54,0xc2,0x32,0xa6,0x93,0x59,0x2f,
	0x61,0xca,0xf4,0x66,0x04,0xca,0x4d,0x96,0xea,0x82,0xe8,0xdc,0xb9,0x91,0xd9,0x8c,
	0x32,0x40,0x0b,0xa2,0x1b,0x4a,0xb4,0xa8,0xa8,0x03,0x3e,0x93,0x2a,0x1d,0x79,0x54,
	0xc5,0xcf,0xa7,0x2d,0x0d,0x34,0x75,0x4a,0x75,0x69,0x4f,0xa4,0x2b,0xb3,0x66,0xd1,
	0xc5,0xd5,0xa6,0x57,0xad,0x5b,0xc3,0xba,0x19,0x9b,0x13,0xac,0xd9,0xb3,0x68,0xbf,
	0x12,0xbb,0x9a,0xa4,0x6d,0x4d,0x08,0x70,0xe3,0xca,0xad,0xfb,0x6d,0x2e,0x91,0xbb,
	0x2b,0x18,0xa4,0xed,0xca,0x57,0x47,0xb4,0xbf,0x62,0xf9,0xce,0xd1,0xbb,0x37,0xb0,
	0xb9,0x76,0x78,0x13,0x1b,0x3e,0xbc,0xd6,0xf1,0x5d,0x7f,0x8d,0x87,0x04,0x76,0x29,
	0x15,0xeb,0x58,0x84,0x84,0xed,0xb6,0xcd,0xd0,0x59,0x72,0xd6,0x8b,0xa1,0x2d,0x7f,
	0xd6,0x50,0xda,0x34,0xd5,0x90,0x42,0xfb,0x7a,0x1e,0xcd,0x21,0x75,0xa6,0xa7,0xac,
	0xad,0x56,0x96,0x44,0x1b,0xc4,0xed,0xd9,0x3b,0x6b,0x23,0xd8,0xdd,0x43,0x69,0xa5,
	0xc8,0xaa,0x63,0xfa,0xa6,0x4b,0x1c,0xf7,0x4d,0x14,0xc0,0xed,0x18,0x3f,0x8e,0x3c,
	0x79,0x70,0x99,0x8d,0x9a,0xfb,0x31,0x0a,0x3d,0x7a,0x66,0xc0,0xf5,0x5c,0xc8,0x9e,
	0x7e,0x30,0xbb,0xda,0xed,0x85,0xa1,0xbe,0xf8,0x0e,0x1e,0xa4,0xf8,0xf1,0x82,0xcb,
	0xe3,0xba,0x2e,0x3d,0x3d,0xd9,0xf5,0xec,0xdb,0xbf,0x6e,0x45,0xd2,0x3a,0xfc,0x43,
	0xf4,0x21,0x93,0xff,0xbf,0x5f,0x95,0x73,0xf1,0x09,0x88,0x52,0x7f,0x98,0xb9,0x06,
	0xa0,0x14,0x09,0x0a,0xc1,0x5d,0x13,0x06,0xde,0x82,0x58,0x71,0x0e,0xba,0x67,0x9f,
	0x68,0x03,0x3e,0x58,0x1f,0x83,0x0d,0x5e,0x98,0x5f,0x84,0xca,0xfd,0x87,0x21,0x68,
	0xfa,0xd5,0x30,0x61,0x15,0x23,0x92,0x88,0x60,0x88,0xb1,0x79,0xc8,0x5b,0x85,0x26,
	0xb1,0x28,0x9f,0x8a,0x25,0x9c,0x18,0x43,0x8a,0x26,0xd2,0x58,0xe3,0x3e,0x32,0xfa,
	0xc5,0x61,0x28,0x8b,0x91,0x81,0xde,0x8e,0x71,0x04,0x49,0x52,0x1b,0x44,0x0a,0xa9,
	0xc6,0x91,0xcb,0x28,0x89,0x24,0x90,0x38,0x6a,0xd3,0x63,0x93,0x4e,0x46,0xa9,0xcc,
	0x93,0x52,0x2a,0x02,0x23,0x37,0x4c,0x5e,0xf9,0x85,0x95,0x1f,0xd9,0xc8,0xe5,0x1e,
	0x5e,0x56,0x04,0x62,0x98,0x46,0x8e,0x59,0x56,0x99,0x66,0x0a,0x82,0x26,0x4d,0x59,
	0xae,0xb9,0xc5,0x96,0x6f,0xbd,0x09,0x27,0x17,0x6d,0xba,0xa9,0x66,0x9d,0x61,0xdc,
	0x19,0x95,0x8b,0x7a,0xee,0x49,0xe7,0x60,0x7c,0xfe,0xb9,0x5f,0x9e,0xe7,0xc8,0x49,
	0xa8,0x85,0x7e,0x32,0x36,0x68,0xa2,0x28,0x52,0x09,0x25,0xa4,0x8e,0x7e,0x68,0x68,
	0x38,0x88,0x4e,0xda,0x22,0x98,0xf3,0x34,0x8a,0xa9,0x77,0x81,0x2e,0xc9,0x69,0xa7,
	0xcc,0x85,0xfa,0xcf,0xa7,0xa2,0xca,0xa7,0x29,0xa3,0x92,0x9e,0xea,0xe3,0xaa,0x10,
	0xb9,0xca,0x2a,0x0c,0x97,0x92,0xc3,0x54,0xaa,0xb1,0x9a,0x56,0xab,0x86,0x29,0xd9,
	0x7a,0x6b,0x82,0xb5,0x55,0xda,0x2b,0x5b,0x33,0xed,0xba,0x68,0xb0,0x00,0xfa,0xc6,
	0xab,0xb1,0x12,0x92,0x22,0x5b,0xac,0xb2,0xa2,0x1d,0xd7,0xac,0xb3,0x94,0x42,0xab,
	0xab,0xb4,0x4e,0x51,0x5b,0xad,0xb5,0xf7,0x31,0x9b,0xad,0xb6,0xcf,0x72,0xfb,0xa3,
	0xb7,0x85,0xed,0x11,0x67,0xb7,0xe2,0x7e,0x78,0x66,0xb9,0xc3,0x9e,0x1a,0xee,0x8d,
	0xed,0x76,0xb9,0xee,0x8b,0xef,0x62,0x1a,0xaf,0xbc,0x68,0x44,0x2b,0x2c,0xab,0xe6,
	0x5e,0x0b,0x46,0xb2,0x92,0xb1,0x8b,0xaf,0x63,0xf0,0x02,0xfb,0x2f,0xbd,0x04,0x9f,
	0xa5,0xee,0xc1,0xe8,0x4e,0x6a,0x2a,0x78,0x76,0x92,0x3a,0x9c,0xa3,0xb3,0x5e,0xe7,
	0x2e,0xc4,0x33,0xea,0x18,0x62,0x89,0xe5,0xca,0xdb,0x30,0x6f,0x84,0x6a,0xbc,0xb1,
	0x66,0xfb,0x62,0xf9,0xa7,0xc5,0x8d,0x6c,0x38,0xb2,0xba,0x75,0x76,0x6c,0x17,0x85,
	0x18,0x77,0x05,0xa7,0xc2,0x76,0x96,0x07,0xc8,0xbc,0x4d,0x06,0x0c,0xaf,0x78,0x36,
	0x9f,0x6b,0x99,0x07,0x05,0x00,0x00,0x21,0xf9,0x04,0x04,0x0a,0x00,0x00,0x00,0x2c,
	0x43,0x00,0x50,0x00,0x5a,0x01,0x65,0x00,0x00,0x02,0xff,0x84,0x8f,0xa9,0xcb,0xcd,
	0x01,0xa3,0x9c,0x34,0xb8,0x8b,0xb3,0xde,0xbc,0xfb,0x0f,0x86,0x4e,0x45,0x56,0xe2,
	0x89,0xa6,0x58,0xc9,0x46,0xea,0x0b,0xc7,0xf2,0x9c,0xb6,0x2d,0x8d,0xe7,0x8b,0x7d,
	0xeb,0xfe,0x0f,0x0c,0x36,0x78,0x2c,0xa1,0xf1,0x44,0x2c,0x1e,0x97,0xcc,0xe6,0x27,
	0x59,0x72,0x4a,0x2f,0x50,0xd2,0xf4,0x8a,0x95,0x56,0x4d,0xd9,0xee,0x96,0xdb,0x0d,
	0x8b,0x69,0x5f,0xca,0x58,0x5b,0x9e,0x9c,0xd7,0xec,0x50,0x5a,0xdd,0x3e,0xbe,0x25,
	0xf1,0xba,0x7d,0x38,0x87,0xdc,0x83,0x79,0xd7,0xfe,0x5f,0xd7,0x67,0x01,0x98,0x23,
	0xa8,0x47,0x88,0x28,0x66,0x38,0x98,0x18,0xb3,0xd8,0x08,0x79,0xf5,0x18,0xf9,0xb2,
	0xc8,0x48,0x89,0xc9,0x67,0x98,0x89,0x62,0x79,0xc9,0x09,0x3a,0xe3,0x19,0x0a,0x32,
	0x4a,0x7a,0x0a,0x63,0x8a,0xba,0xa1,0xba,0xea,0xfa,0xd4,0xfa,0x8a,0x17,0x2b,0x5b,
	0x3b,0xe2,0xf9,0x69,0x8b,0x80,0x9b,0xab,0xeb,0x7b,0xc0,0xfb,0xab,0x10,0x2c,0x5c,
	0x6c,0x40,0x6c,0xcc,0x7b,0x68,0xec,0xab,0xdc,0x6b,0xeb,0xcc,0xfc,0x1b,0x5d,0xec,
	0xbc,0x2c,0xfd,0x6a,0xfd,0x8c,0xa9,0x8d,0x8c,0x8d,0xd5,0xed,0xbd,0x16,0x4e,0xce,
	0xf3,0x2d,0x53,0x9e,0xae,0xf4,0xa3,0xde,0x0e,0x77,0x5e,0xe9,0x2e,0xbf,0x8d,0x3e,
	0xdf,0x0e,0xef,0x68,0x9f,0x6e,0xa4,0x5f,0x8e,0x9f,0xdf,0xaf,0x9b,0x9c,0x80,0xda,
	0xfe,0x01,0x24,0xa8,0x6c,0x09,0x42,0x6a,0x06,0xe3,0x2d,0xc4,0xc5,0xe4,0x21,0xad,
	0x86,0x9d,0x24,0x4e,0x8a,0x68,0x31,0x0f,0x45,0x1c,0xff,0x19,0x35,0xa2,0xe9,0xf8,
	0x65,0x63,0x21,0x90,0x21,0xc1,0x91,0x24,0x22,0xd2,0xc7,0xc9,0x24,0x8a,0x56,0xae,
	0x4b,0x39,0xd2,0x65,0x94,0x31,0x32,0xc1,0xc0,0x54,0x59,0xf3,0x1d,0xcd,0x9c,0xd7,
	0x6e,0xea,0xe0,0xd9,0x73,0x9c,0x4c,0x9f,0x03,0x87,0xde,0x59,0x49,0x14,0xe3,0x49,
	0x40,0x4b,0x93,0x2a,0xed,0x98,0x08,0xaa,0xd3,0x26,0x20,0x21,0x49,0x9c,0x3a,0x25,
	0x23,0x37,0x82,0x58,0x25,0x2d,0xe4,0xc4,0xb5,0xab,0x49,0x7d,0xa7,0xec,0x89,0x0d,
	0x43,0x16,0x95,0xbc,0xb3,0x68,0xe7,0x65,0x53,0xc7,0x76,0xe7,0xbe,0x5a,0xfe,0xe2,
	0x9e,0x99,0xab,0x4b,0xa0,0x5d,0xa1,0x7a,0x9b,0x31,0xdc,0xcb,0x37,0x21,0x33,0x71,
	0x80,0xef,0x0a,0x96,0x66,0xa9,0xf0,0x9e,0x89,0xc9,0x04,0x29,0xfe,0x73,0x11,0x5e,
	0x9f,0xc7,0x4c,0x27,0x37,0x9c,0x43,0x99,0x90,0xc7,0x8d,0x25,0x33,0x6b,0x2e,0x73,
	0xb3,0xb3,0xe7,0xca,0x5b,0x88,0x56,0x19,0xdd,0xa8,0xb4,0x69,0x96,0xa8,0xa3,0x42,
	0x71,0xca,0xba,0x35,0xa2,0xd7,0xb0,0xcd,0xc9,0x76,0x6d,0xbb,0xb6,0x8d,0xdb,0xa9,
	0x73,0x27,0xf5,0xcd,0x9b,0xf4,0xcb,0xa3,0x5e,0x67,0x06,0x9f,0xdd,0x03,0x32,0x3d,
	0x20,0xbb,0x8f,0x7b,0x58,0xce,0x3c,0xb9,0x1d,0x3a,0x59,0x8d,0x3b,0xd7,0xe0,0xe7,
	0xa3,0x95,0xc5,0xd4,0xb5,0xeb,0xbc,0xbe,0x22,0xbb,0x93,0xe1,0x71,0xcc,0x54,0xb7,
	0x09,0xfe,0x56,0x77,0xaa,0xdb,0xa7,0xb7,0x67,0x6f,0x3e,0xbd,0xfa,0xef,0x4f,0xd7,
	0xb7,0x21,0x5f,0xd4,0xbe,0xfc,0x61,0xef,0xe1,0xeb,0xab,0x0f,0x8c,0x9e,0x42,0xf1,
	0xed,0xc7,0x5f,0x7f,0xf5,0x41,0xd7,0x96,0x81,0x02,0x8a,0x47,0x60,0x02,0xf8,0xe5,
	0x17,0xd4,0x7d,0xd6,0xf9,0xd7,0xe0,0x2c,0x01,0x2e,0x18,0xa1,0x84,0x0a,0x16,0x55,
	0xa1,0x85,0x17,0xf2,0xc3,0xa0,0x7b,0x13,0x2e,0xd8,0xe1,0x03,0x0f,0x0a,0xf1,0x5f,
	0x79,0x27,0x6a,0x52,0xa2,0x89,0x23,0x0a,0x88,0xdc,0x8b,0x2d,0x8e,0xb5,0x21,0x8a,
	0x08,0x02,0x48,0xdf,0x8c,0x59,0xac,0xc8,0x07,0x6e,0x35,0xea,0xe8,0x5d,0x8e,0xbf,
	0xf1,0x08,0xe4,0x81,0x42,0xae,0x26,0x63,0x91,0xfe,0x7d,0x88,0xe4,0x8f,0x4a,0x42,
	0x38,0x20,0x56,0x44,0x3e,0x69,0x63,0x92,0x4d,0x86,0x48,0x65,0x90,0x58,0x4a,0xb9,
	0x65,0x96,0xe7,0x65,0xd8,0x55,0x97,0x5e,0x9e,0x37,0x66,0x99,0x66,0x9e,0x89,0x66,
	0x9a,0x6a,0xae,0xc9,0x66,0x9b,0x6e,0xbe,0x09,0x67,0x9c,0x72,0xce,0x49,0x67,0x9d,
	0x76,0xde,0x89,0x67,0x9e,0x7a,0xee,0xc9,0x67,0x9f,0x7e,0xfe,0x09,0x68,0xa0,0x82,
	0x0e,0x4a,0x68,0x9f,0x05,0x00,0x00,0x21,0xf9,0x04,0x05,0x0a,0x00,0x02,0x00,0x2c,
	0x42,0x00,0x44,0x00,0x5b,0x01,0x71,0x00,0x81,0xf6,0x00,0x6b,0x00,0x00,0x00,0xe1,
	0xd8,0xe5,0x00,0x00,0x00,0x02,0xff,0x94,0x8f,0xa9,0xcb,0xed,0x0f,0xa3,0x9c,0xb4,
	0xda,0x8b,0xb3,0xde,0x60,0xfb,0x0f,0x86,0xe2,0x48,0x96,0xe6,0x89,0xa6,0xea,0xca,
	0xb6,0xee,0x0b,0xc7,0xf2,0x4c,0xd7,0xf6,0x8d,0xe7,0xfa,0xce,0xf7,0xfe,0x0f,0x0c,
	0x0a,0x87,0xc4,0xa2,0xf1,0x88,0x4c,0x2a,0x97,0xcc,0xa6,0xf3,0x09,0x8d,0x4a,0xa7,
	0xd4,0xaa,0xf5,0x8a,0xcd,0x6a,0xb7,0xdc,0xae,0xf7,0x0b,0x0e,0x33,0x3a,0xe2,0xb2,
	0xf9,0x8c,0x4e,0xab,0xd7,0xec,0xb6,0xfb,0x0d,0x8f,0xcb,0xe7,0xf4,0xba,0xfd,0x8e,
	0xcf,0xeb,0xf7,0xfc,0xbe,0xff,0x0f,0x18,0x28,0x38,0x48,0x58,0x68,0x78,0x88,0x98,
	0xa8,0xb8,0xc8,0xd8,0xe8,0xf8,0x08,0x19,0x29,0x39,0x49,0x59,0x69,0x79,0x89,0x99,
	0xa9,0xb9,0xc9,0xd9,0xe9,0x59,0x16,0x10,0x2a,0x3a,0x4a,0x5a,0x6a,0x7a,0xfa,0x59,
	0x72,0xba,0xca,0x8a,0x2a,0xd6,0x0a,0x1b,0x1b,0x9a,0x2a,0x22,0x6b,0xeb,0x0a,0x76,
	0xab,0x5b,0x4a,0x0b,0xb2,0xfb,0x1b,0x10,0x06,0x0c,0xdc,0xeb,0x31,0xfc,0xfb,0x75,
	0x4c,0x5c,0x8c,0xa1,0xbc,0xeb,0xe5,0x8c,0xcc,0x6c,0x11,0xad,0x0b,0x5d,0x7d,0x3b,
	0x4d,0x8d,0x2d,0x9b,0xcc,0x1d,0xab,0xbd,0xfd,0xcd,0xaa,0x15,0x7c,0x30,0x0e,0x1b,
	0x5e,0x81,0xde,0x7a,0xcd,0x8e,0xab,0x2e,0xf1,0x0e,0xbf,0x35,0x4f,0x1f,0xef,0x60,
	0xcf,0xeb,0xae,0x2f,0x8a,0x2f,0xdf,0xcf,0x1f,0xbf,0x80,0xff,0x00,0x06,0x34,0xd7,
	0xe5,0xe0,0xac,0x82,0x10,0x14,0xe6,0x52,0x88,0x90,0x21,0x03,0x88,0x0f,0x0f,0x4a,
	0x7c,0xe0,0xd0,0x1b,0xc1,0x8b,0xff,0xf9,0x2c,0x6a,0xdc,0xc8,0x71,0x41,0xc6,0x81,
	0xfa,0x42,0x36,0xf0,0xf8,0xb1,0x9f,0x49,0x91,0x20,0x49,0xce,0x5b,0xc9,0xb2,0x25,
	0x8d,0x88,0x2a,0x46,0xc2,0x3c,0x27,0x93,0x8b,0xcd,0x9b,0x02,0x72,0xea,0x44,0xd9,
	0x82,0x4c,0x23,0xa0,0x2e,0xd9,0xf1,0x44,0x40,0x34,0x61,0x52,0x98,0x3e,0x7f,0x96,
	0x3c,0x8a,0xf3,0xa9,0xb0,0xa6,0x2b,0x55,0xbe,0xa2,0xda,0xac,0x13,0x56,0x2c,0x4b,
	0x99,0x5a,0xad,0x28,0x15,0xea,0x56,0xae,0x5f,0xa1,0xf6,0x0c,0x5b,0xd4,0xa8,0xd9,
	0xb3,0xf6,0xae,0x96,0x3d,0x3a,0xb6,0x0a,0x45,0xb1,0x5d,0xaf,0x40,0xa4,0x59,0x75,
	0x27,0xd9,0xbb,0x3c,0xef,0xe2,0xb5,0xe2,0x77,0x61,0x5e,0xbe,0x4e,0xe7,0x0e,0x26,
	0x5c,0xce,0xef,0xcd,0xc0,0x7f,0xa1,0x08,0x65,0x8b,0x38,0x24,0x63,0x2b,0x00,0x1e,
	0x07,0xe6,0x68,0xf9,0xf2,0x94,0xca,0x95,0x91,0x6a,0xfe,0xc7,0xd9,0xb3,0x62,0x29,
	0x9c,0x3b,0x47,0x8d,0xac,0xae,0x74,0x82,0xcf,0x4f,0x4a,0x9b,0x36,0x30,0x19,0x9f,
	0xeb,0xcc,0xa8,0x97,0xcc,0x0e,0x7d,0x5a,0x6f,0xb1,0xdb,0xb4,0x6b,0x23,0xe1,0xfd,
	0x1a,0xb2,0x6e,0x5a,0xc0,0x45,0xfb,0x36,0x02,0x3c,0x38,0xeb,0xdd,0xc5,0x73,0x0f,
	0x47,0xde,0x1c,0xf6,0x72,0xe2,0xd1,0x85,0x3f,0x2f,0x92,0x7c,0xf5,0x68,0x66,0xd9,
	0x9d,0xd7,0xc5,0x5e,0x3d,0x36,0xf7,0xee,0xd2,0x8f,0x43,0x0f,0xbf,0x9d,0x39,0x7a,
	0xf3,0xe0,0xd7,0x1b,0x56,0xcf,0xdb,0xf8,0xfb,0x24,0xc9,0x7b,0xcf,0x4f,0x55,0x5f,
	0xfe,0xf7,0xf6,0xb7,0xf5,0x0b,0xef,0x7e,0x39,0x0d,0x79,0xd6,0x09,0x34,0x60,0x35,
	0x4d,0xe4,0xe7,0x9c,0x76,0xe8,0x84,0x23,0xa0,0x29,0x0a,0x8e,0x73,0x60,0x83,0x04,
	0x3e,0x88,0x4d,0x6a,0xe4,0x8d,0x72,0x12,0x84,0x4e,0x20,0x18,0x81,0x86,0x0c,0x5e,
	0xd8,0x98,0x77,0xce,0xb4,0x26,0x20,0x46,0xdf,0xc4,0xc3,0x61,0x87,0x27,0x92,0x18,
	0x1f,0x05,0xdc,0xc8,0x56,0x62,0x43,0x15,0x46,0xd1,0x9f,0x38,0x23,0xc2,0x58,0xe3,
	0x3a,0x06,0x92,0x86,0x5b,0x33,0x3b,0xe2,0x18,0x9c,0x8d,0xca,0xf0,0xf8,0x58,0x06,
	0xd1,0x30,0xd4,0xa3,0x06,0x47,0xc2,0x71,0xe3,0x5a,0x13,0x0c,0x29,0x07,0x94,0x4e,
	0x1a,0xb4,0x4c,0x1c,0xc7,0x4c,0xe9,0xe2,0x30,0x74,0x68,0x89,0xe5,0x93,0x55,0xce,
	0xf1,0x65,0x97,0x32,0x5a,0x73,0xc7,0x33,0x62,0x7a,0x49,0xa6,0x1d,0x69,0x9e,0x49,
	0x25,0x38,0x36,0x84,0xc8,0x43,0x36,0x6c,0x66,0xd9,0xcd,0x9b,0x82,0x05,0x21,0xe7,
	0x23,0x77,0xe2,0x69,0x4b,0x0d,0xa4,0x14,0x51,0xa7,0x23,0x18,0x02,0xea,0xe6,0x0c,
	0xfb,0x0c,0x51,0xe8,0x50,0x83,0x12,0x91,0x68,0x0c,0x0e,0x32,0x9a,0x8e,0xa0,0x7f,
	0x12,0xda,0x8e,0xa1,0x8f,0x42,0xba,0x8a,0x9e,0x87,0x62,0x7a,0x4f,0x0b,0xe4,0x50,
	0x7a,0xe9,0x22,0x99,0x1a,0xf1,0xa9,0x0c,0x9d,0x0a,0x71,0xea,0x21,0xa9,0xfe,0x30,
	0xaa,0xa5,0x13,0x22,0x11,0x2a,0x23,0x93,0x26,0xb1,0x6a,0x1e,0xb3,0xce,0x69,0xcc,
	0x28,0xf5,0xed,0x0a,0x40,0x01,0x00,0x21,0xf9,0x04,0x05,0x0a,0x00,0x02,0x00,0x2c,
	0x47,0x00,0x50,0x00,0x30,0x01,0x64,0x00,0x81,0xf6,0x00,0x6b,0x00,0x00,0x00,0xe1,
	0xd8,0xe5,0x00,0x00,0x00,0x02,0xff,0x94,0x8f,0xa9,0xcb,0xed,0x0f,0xa3,0x9c,0xb4,
	0xda,0x8b,0xb3,0x96,0x60,0xfb,0x0f,0x86,0xe2,0x48,0x96,0xe6,0x89,0xa6,0xea,0xca,
	0xb6,0xee,0x0b,0xc7,0xf2,0x4c,0xd7,0xf6,0x8d,0xe7,0xfa,0xce,0xf7,0xfe,0x0f,0x0c,
	0x0a,0x87,0xc4,0xa2,0xf1,0x88,0x4c,0x2a,0x97,0xcc,0xa6,0xf3,0x09,0x8d,0x4a,0xa7,
	0xd4,0xaa,0xf5,0x8a,0xcd,0x6a,0xb7,0xdc,0xae,0xf7,0x0b,0x0e,0x8b,0xc7,0xe4,0xb2,
	0xf9,0x8c,0x4e,0xab,0xd7,0xec,0xb6,0xfb,0x0d,0x8f,0xcb,0xe7,0xf4,0xba,0xfd,0x8e,
	0xcf,0xeb,0xf7,0xfc,0xbe,0xff,0x0f,0x18,0x28,0x38,0x48,0x58,0x68,0x78,0x88,0x98,
	0xa8,0xb8,0xc8,0x28,0xd4,0xd1,0x08,0x19,0x29,0x39,0x49,0x59,0x69,0xe9,0x11,0x70,
	0xa9,0xb9,0xc9,0xd9,0xe9,0x09,0x93,0xf9,0x29,0x3a,0x4a,0x5a,0x6a,0x7a,0x8a,0x9a,
	0xaa,0xba,0xca,0xda,0xea,0xfa,0x0a,0x1b,0x2b,0x3b,0x1b,0x19,0x4a,0x7b,0x8b,0x9b,
	0xab,0xbb,0xcb,0xdb,0xeb,0xfb,0x0b,0x7c,0x69,0x1b,0x4c,0x5c,0x6c,0x7c,0x8c,0x9c,
	0xac,0x6c,0x19,0x30,0xbc,0xfc,0xe1,0x5c,0xd5,0xdc,0xfc,0x0c,0x32,0x9d,0x35,0x4d,
	0x5d,0xbd,0x91,0x8d,0x95,0xad,0xbd,0x8d,0xf1,0x6d,0xf5,0x7d,0x1d,0x6e,0x51,0x1e,
	0xfd,0x94,0x0e,0x7e,0x2e,0xc1,0xae,0xce,0x04,0x1f,0xef,0xbe,0x30,0x1f,0x35,0x6f,
	0x5e,0xdf,0x90,0x4f,0x7f,0xd4,0xdf,0x6e,0x5f,0x02,0x80,0xeb,0x00,0xfa,0x3b,0x67,
	0xf0,0xa0,0x90,0x84,0x01,0x05,0x32,0x94,0xc7,0xb0,0xa1,0xbb,0x88,0x4b,0x22,0x4a,
	0x44,0x68,0x11,0x89,0xc5,0x6e,0x96,0xfb,0x36,0x5e,0x04,0xe2,0xf1,0xa3,0xb2,0x90,
	0x0a,0x79,0x90,0xec,0x18,0x52,0x63,0xca,0x7a,0x27,0xff,0xad,0x9c,0xf8,0xb2,0x48,
	0x4b,0x01,0x8f,0xaa,0xcd,0x94,0x79,0x33,0x5c,0x4c,0x9c,0x14,0x23,0xd4,0x24,0xe6,
	0x91,0xc3,0x8e,0x9e,0x02,0x0d,0x64,0xac,0x68,0xb0,0xe8,0xc0,0x84,0x4e,0x08,0x2a,
	0x5d,0x9a,0x0f,0x1f,0xbc,0xa7,0xfc,0xa6,0x4a,0x49,0x47,0xf5,0x01,0xd6,0x10,0x25,
	0x5b,0x70,0xcc,0x5a,0xf5,0x2b,0x39,0xb0,0xef,0xba,0x92,0x3d,0x8b,0x36,0xad,0xda,
	0xb5,0x26,0x7e,0xb2,0x05,0x03,0x20,0xee,0xdb,0x04,0x72,0xb1,0xc4,0xbd,0x3b,0xd7,
	0xc0,0x5d,0xb7,0x20,0x2d,0xec,0xad,0xfb,0xf6,0xef,0x95,0xbf,0x80,0xd7,0x12,0xb6,
	0x42,0xb8,0x70,0xda,0xc4,0x54,0x12,0xe3,0x55,0xeb,0x98,0xaf,0x13,0xc7,0x81,0x19,
	0x37,0xde,0x9b,0x97,0x66,0xe4,0xcd,0x9c,0x3b,0x7b,0xe6,0x5c,0x00,0x00,0x21,0xf9,
	0x04,0x05,0x5a,0x00,0x02,0x00,0x2c,0x47,0x00,0x44,0x00,0x44,0x01,0x70,0x00,0x81,
	0xf6,0x00,0x6b,0x00,0x00,0x00,0xe1,0xd8,0xe5,0x00,0x00,0x00,0x02,0xff,0x94,0x8f,
	0xa9,0xcb,0xcd,0xe1,0xa2,0x9c,0xb4,0xda,0x8b,0xb3,0xde,0xbc,0xfb,0x0f,0x86,0xe2,
	0x48,0x96,0xe6,0x89,0xa6,0xea,0xca,0xb6,0xee,0x0b,0xc7,0xf2,0x4c,0xd7,0xf6,0x8d,
	0xe7,0xfa,0xce,0xf7,0xfe,0x0f,0x0c,0x0a,0x87,0xc4,0xa2,0xf1,0x88,0x4c,0x2a,0x97,
	0xcc,0xa6,0xf3,0x09,0x8d,0x4a,0xa7,0xd4,0xaa,0xf5,0x8a,0xcd,0x6a,0xb7,0xdc,0xae,
	0x57,0x02,0xf9,0x8a,0xc7,0xe4,0xb2,0xf9,0x8c,0x4e,0xab,0xd7,0xec,0xb6,0xfb,0x0d,
	0x8f,0xcb,0xe7,0xf4,0xba,0xfd,0x8e,0xcf,0xeb,0xf7,0xfc,0xbe,0xff,0x0f,0x18,0x28,
	0x38,0x48,0x58,0x68,0x78,0x88,0x98,0xa8,0xb8,0xc8,0xd8,0xe8,0xf8,0x08,0x19,0x29,
	0x39,0x49,0x59,0x69,0x79,0x89,0x99,0xa9,0xb9,0xc9,0xd9,0xe9,0xf9,0x09,0x1a,0x2a,
	0x3a,0x4a,0x5a,0x6a,0x7a,0x8a,0x9a,0xaa,0xba,0xca,0xda,0x13,0xd6,0x0a,0x1b,0x2b,
	0x3b,0x4b,0x5b,0x6b,0x7b,0x8b,0x9b,0xab,0x1b,0x08,0xb0,0xeb,0xfb,0x0b,0x1c,0x2c,
	0x3c,0x4c,0x5c,0xdc,0xd5,0x5b,0xf1,0x6a,0x2c,0xa2,0xbc,0xec,0xfc,0x0c,0x1d,0x0d,
	0x82,0x2c,0x5d,0x6d,0x7d,0x8d,0x9d,0xad,0xbd,0xcd,0xdd,0xed,0xfd,0x0d,0x1e,0x2e,
	0x3e,0x4e,0x5e,0x6e,0x7e,0x8e,0x9e,0xae,0xbe,0xce,0xde,0xee,0xfe,0x0e,0x1f,0x2f,
	0x3f,0x4f,0x5f,0x6f,0x7f,0x8f,0x9f,0xaf,0xbf,0xcf,0xcf,0xda,0xdc,0xbf,0x25,0xc0,
	0x3f,0x73,0x03,0xd3,0x08,0x14,0xa8,0xee,0xe0,0x9b,0x83,0x08,0xd1,0x31,0x74,0xc3,
	0xb0,0x21,0xc1,0x87,0x6b,0x22,0x2a,0x2c,0x67,0x51,0xe2,0x99,0x8c,0x7b,0x17,0x4b,
	0x14,0x84,0xc5,0xf1,0xa3,0x97,0x90,0x1a,0xbf,0x91,0xdc,0x48,0xb2,0x24,0xb7,0x94,
	0x22,0xb5,0xb0,0x54,0xa9,0x80,0x9a,0xb3,0x97,0x13,0x5a,0x2a,0x79,0x09,0x13,0x1b,
	0x4e,0x9b,0x55,0x76,0xf2,0x9c,0xe9,0xf3,0x8b,0xcf,0x8e,0x3a,0x83,0xa6,0xf8,0xc9,
	0x62,0xa8,0x42,0xa4,0xc1,0x94,0x86,0x61,0x7a,0xd3,0x69,0x36,0xa7,0x39,0xa7,0x50,
	0xd5,0x76,0x35,0xa0,0xd2,0x6d,0x5b,0xbb,0x0c,0xed,0xf6,0xd5,0xeb,0x4e,0x6f,0x46,
	0x47,0xe2,0x34,0x79,0x56,0x68,0x5a,0xb0,0x34,0x75,0xc8,0x44,0xd1,0x16,0x6d,0xca,
	0x32,0x2c,0xc5,0xd5,0xa5,0x1b,0x92,0xdc,0x49,0x33,0x7b,0xc7,0xe5,0x45,0xc3,0x71,
	0x62,0x44,0x36,0x83,0x1d,0x52,0xb4,0x52,0x00,0x00,0x3b};
